File Name,Net Site EUI (kWh/m2),Net Source EUI (kWh/m2),Total Energy/Net Site Energy (kWh),Total Energy/Net Source Energy (kWh)
CZ01/SFm&1&rDXHP&Ex&dxHP_equip/Pre-RE-HV-RoomAC-9.0E-ERheat/instance-out.sql,33.83,74.27,26021.48,57123.06
CZ01/SFm&1&rDXHP&Ex&dxHP_equip/Std-RE-HV-RoomAC-9.8E-ERheat/instance-out.sql,33.83,74.25,26016.80,57108.25
CZ01/SFm&1&rDXHP&Ex&dxHP_equip/RE-dxHP_equip-spltSEER-12.5-SEER2-6.4-HSPF2/instance-out.sql,32.71,70.73,25160.78,54397.14
CZ01/SFm&1&rDXHP&Ex&dxHP_equip/RE-dxHP_equip-spltSEER-14.3-SEER2-7.5-HSPF2/instance-out.sql,32.55,70.22,25038.40,54009.57
CZ01/SFm&1&rDXHP&Ex&dxHP_equip/RE-dxHP_equip-spltSEER-16.0-SEER2-8.1-HSPF2/instance-out.sql,30.86,64.87,23737.72,49890.22
CZ01/SFm&1&rDXHP&Ex&dxHP_equip/RE-dxHP_equip-spltSEER-18.7-SEER2-8.7-HSPF2/instance-out.sql,30.83,64.76,23711.48,49807.11
CZ01/SFm&1&rDXHP&Ex&dxHP_equip/RE-dxHP_equip-spltSEER-20.5-SEER2-9.1-HSPF2/instance-out.sql,30.81,64.71,23700.29,49771.67
CZ01/SFm&2&rDXHP&Ex&dxHP_equip/Pre-RE-HV-RoomAC-9.0E-ERheat/instance-out.sql,27.35,65.28,35458.15,84623.48
CZ01/SFm&2&rDXHP&Ex&dxHP_equip/Std-RE-HV-RoomAC-9.8E-ERheat/instance-out.sql,27.34,65.25,35445.30,84582.80
CZ01/SFm&2&rDXHP&Ex&dxHP_equip/RE-dxHP_equip-spltSEER-12.5-SEER2-6.4-HSPF2/instance-out.sql,26.12,61.39,33862.75,79570.36
CZ01/SFm&2&rDXHP&Ex&dxHP_equip/RE-dxHP_equip-spltSEER-14.3-SEER2-7.5-HSPF2/instance-out.sql,25.95,60.83,33635.97,78852.16
CZ01/SFm&2&rDXHP&Ex&dxHP_equip/RE-dxHP_equip-spltSEER-16.0-SEER2-8.1-HSPF2/instance-out.sql,24.19,55.25,31350.49,71614.57
CZ01/SFm&2&rDXHP&Ex&dxHP_equip/RE-dxHP_equip-spltSEER-18.7-SEER2-8.7-HSPF2/instance-out.sql,24.15,55.13,31301.52,71459.47
CZ01/SFm&2&rDXHP&Ex&dxHP_equip/RE-dxHP_equip-spltSEER-20.5-SEER2-9.1-HSPF2/instance-out.sql,24.13,55.08,31280.73,71393.64
CZ02/SFm&1&rDXHP&Ex&dxHP_equip/Pre-RE-HV-RoomAC-9.0E-ERheat/instance-out.sql,37.59,88.76,28914.60,68264.05
CZ02/SFm&1&rDXHP&Ex&dxHP_equip/Std-RE-HV-RoomAC-9.8E-ERheat/instance-out.sql,37.52,88.53,28859.93,68090.91
CZ02/SFm&1&rDXHP&Ex&dxHP_equip/RE-dxHP_equip-spltSEER-12.5-SEER2-6.4-HSPF2/instance-out.sql,35.31,81.51,27153.99,62687.94
CZ02/SFm&1&rDXHP&Ex&dxHP_equip/RE-dxHP_equip-spltSEER-14.3-SEER2-7.5-HSPF2/instance-out.sql,34.94,80.36,26875.22,61805.09
CZ02/SFm&1&rDXHP&Ex&dxHP_equip/RE-dxHP_equip-spltSEER-16.0-SEER2-8.1-HSPF2/instance-out.sql,31.99,71.02,24607.20,54622.38
CZ02/SFm&1&rDXHP&Ex&dxHP_equip/RE-dxHP_equip-spltSEER-18.7-SEER2-8.7-HSPF2/instance-out.sql,31.89,70.70,24530.19,54378.49
CZ02/SFm&1&rDXHP&Ex&dxHP_equip/RE-dxHP_equip-spltSEER-20.5-SEER2-9.1-HSPF2/instance-out.sql,31.85,70.57,24498.43,54277.91
CZ02/SFm&2&rDXHP&Ex&dxHP_equip/Pre-RE-HV-RoomAC-9.0E-ERheat/instance-out.sql,33.23,85.39,43074.42,110681.62
CZ02/SFm&2&rDXHP&Ex&dxHP_equip/Std-RE-HV-RoomAC-9.8E-ERheat/instance-out.sql,33.11,85.01,42919.90,110192.24
CZ02/SFm&2&rDXHP&Ex&dxHP_equip/RE-dxHP_equip-spltSEER-12.5-SEER2-6.4-HSPF2/instance-out.sql,30.54,76.85,39582.09,99621.42
CZ02/SFm&2&rDXHP&Ex&dxHP_equip/RE-dxHP_equip-spltSEER-14.3-SEER2-7.5-HSPF2/instance-out.sql,30.09,75.44,39001.34,97782.19
CZ02/SFm&2&rDXHP&Ex&dxHP_equip/RE-dxHP_equip-spltSEER-16.0-SEER2-8.1-HSPF2/instance-out.sql,26.71,64.72,34616.02,83893.86
CZ02/SFm&2&rDXHP&Ex&dxHP_equip/RE-dxHP_equip-spltSEER-18.7-SEER2-8.7-HSPF2/instance-out.sql,26.57,64.30,34441.92,83342.49
CZ02/SFm&2&rDXHP&Ex&dxHP_equip/RE-dxHP_equip-spltSEER-20.5-SEER2-9.1-HSPF2/instance-out.sql,26.52,64.12,34370.89,83117.52
CZ03/SFm&1&rDXHP&Ex&dxHP_equip/Pre-RE-HV-RoomAC-9.0E-ERheat/instance-out.sql,34.10,77.83,26228.43,59862.53
CZ03/SFm&1&rDXHP&Ex&dxHP_equip/Std-RE-HV-RoomAC-9.8E-ERheat/instance-out.sql,34.05,77.65,26185.32,59726.01
CZ03/SFm&1&rDXHP&Ex&dxHP_equip/RE-dxHP_equip-spltSEER-12.5-SEER2-6.4-HSPF2/instance-out.sql,32.52,72.83,25013.67,56015.38
CZ03/SFm&1&rDXHP&Ex&dxHP_equip/RE-dxHP_equip-spltSEER-14.3-SEER2-7.5-HSPF2/instance-out.sql,32.26,71.99,24809.10,55367.52
CZ03/SFm&1&rDXHP&Ex&dxHP_equip/RE-dxHP_equip-spltSEER-16.0-SEER2-8.1-HSPF2/instance-out.sql,30.82,67.44,23705.69,51872.91
CZ03/SFm&1&rDXHP&Ex&dxHP_equip/RE-dxHP_equip-spltSEER-18.7-SEER2-8.7-HSPF2/instance-out.sql,30.75,67.21,23648.89,51693.03
CZ03/SFm&1&rDXHP&Ex&dxHP_equip/RE-dxHP_equip-spltSEER-20.5-SEER2-9.1-HSPF2/instance-out.sql,30.72,67.11,23625.49,51618.93
CZ03/SFm&2&rDXHP&Ex&dxHP_equip/Pre-RE-HV-RoomAC-9.0E-ERheat/instance-out.sql,28.72,71.17,37225.01,92256.07
CZ03/SFm&2&rDXHP&Ex&dxHP_equip/Std-RE-HV-RoomAC-9.8E-ERheat/instance-out.sql,28.63,70.89,37109.77,91891.10
CZ03/SFm&2&rDXHP&Ex&dxHP_equip/RE-dxHP_equip-spltSEER-12.5-SEER2-6.4-HSPF2/instance-out.sql,26.96,65.61,34946.42,85039.85
CZ03/SFm&2&rDXHP&Ex&dxHP_equip/RE-dxHP_equip-spltSEER-14.3-SEER2-7.5-HSPF2/instance-out.sql,26.65,64.63,34546.25,83772.50
CZ03/SFm&2&rDXHP&Ex&dxHP_equip/RE-dxHP_equip-spltSEER-16.0-SEER2-8.1-HSPF2/instance-out.sql,25.04,59.54,32463.65,77176.88
CZ03/SFm&2&rDXHP&Ex&dxHP_equip/RE-dxHP_equip-spltSEER-18.7-SEER2-8.7-HSPF2/instance-out.sql,24.95,59.25,32343.50,76796.37
CZ03/SFm&2&rDXHP&Ex&dxHP_equip/RE-dxHP_equip-spltSEER-20.5-SEER2-9.1-HSPF2/instance-out.sql,24.91,59.13,32294.56,76641.35
CZ04/SFm&1&rDXHP&Ex&dxHP_equip/Pre-RE-HV-RoomAC-9.0E-ERheat/instance-out.sql,38.92,94.12,29930.84,72392.65
CZ04/SFm&1&rDXHP&Ex&dxHP_equip/Std-RE-HV-RoomAC-9.8E-ERheat/instance-out.sql,38.69,93.42,29760.73,71853.91
CZ04/SFm&1&rDXHP&Ex&dxHP_equip/RE-dxHP_equip-spltSEER-12.5-SEER2-6.4-HSPF2/instance-out.sql,36.45,86.31,28034.11,66385.76
CZ04/SFm&1&rDXHP&Ex&dxHP_equip/RE-dxHP_equip-spltSEER-14.3-SEER2-7.5-HSPF2/instance-out.sql,35.97,84.80,27666.44,65221.34
CZ04/SFm&1&rDXHP&Ex&dxHP_equip/RE-dxHP_equip-spltSEER-16.0-SEER2-8.1-HSPF2/instance-out.sql,32.72,74.52,25169.01,57311.79
CZ04/SFm&1&rDXHP&Ex&dxHP_equip/RE-dxHP_equip-spltSEER-18.7-SEER2-8.7-HSPF2/instance-out.sql,32.55,73.96,25034.08,56884.48
CZ04/SFm&1&rDXHP&Ex&dxHP_equip/RE-dxHP_equip-spltSEER-20.5-SEER2-9.1-HSPF2/instance-out.sql,32.48,73.74,24980.50,56714.79
CZ04/SFm&2&rDXHP&Ex&dxHP_equip/Pre-RE-HV-RoomAC-9.0E-ERheat/instance-out.sql,35.63,93.66,46182.73,121405.40
CZ04/SFm&2&rDXHP&Ex&dxHP_equip/Std-RE-HV-RoomAC-9.8E-ERheat/instance-out.sql,35.29,92.58,45742.38,120010.81
CZ04/SFm&2&rDXHP&Ex&dxHP_equip/RE-dxHP_equip-spltSEER-12.5-SEER2-6.4-HSPF2/instance-out.sql,32.70,84.40,42391.74,109399.34
CZ04/SFm&2&rDXHP&Ex&dxHP_equip/RE-dxHP_equip-spltSEER-14.3-SEER2-7.5-HSPF2/instance-out.sql,32.09,82.45,41595.51,106877.68
CZ04/SFm&2&rDXHP&Ex&dxHP_equip/RE-dxHP_equip-spltSEER-16.0-SEER2-8.1-HSPF2/instance-out.sql,28.27,70.37,36649.08,91212.57
CZ04/SFm&2&rDXHP&Ex&dxHP_equip/RE-dxHP_equip-spltSEER-18.7-SEER2-8.7-HSPF2/instance-out.sql,28.03,69.59,36332.35,90209.49
CZ04/SFm&2&rDXHP&Ex&dxHP_equip/RE-dxHP_equip-spltSEER-20.5-SEER2-9.1-HSPF2/instance-out.sql,27.93,69.29,36207.61,89814.42
CZ05/SFm&1&rDXHP&Ex&dxHP_equip/Pre-RE-HV-RoomAC-9.0E-ERheat/instance-out.sql,34.28,78.39,26367.94,60291.17
CZ05/SFm&1&rDXHP&Ex&dxHP_equip/Std-RE-HV-RoomAC-9.8E-ERheat/instance-out.sql,34.23,78.24,26330.70,60173.24
CZ05/SFm&1&rDXHP&Ex&dxHP_equip/RE-dxHP_equip-spltSEER-12.5-SEER2-6.4-HSPF2/instance-out.sql,32.67,73.28,25127.08,56361.42
CZ05/SFm&1&rDXHP&Ex&dxHP_equip/RE-dxHP_equip-spltSEER-14.3-SEER2-7.5-HSPF2/instance-out.sql,32.41,72.44,24924.27,55719.12
CZ05/SFm&1&rDXHP&Ex&dxHP_equip/RE-dxHP_equip-spltSEER-16.0-SEER2-8.1-HSPF2/instance-out.sql,30.80,67.35,23685.79,51796.97
CZ05/SFm&1&rDXHP&Ex&dxHP_equip/RE-dxHP_equip-spltSEER-18.7-SEER2-8.7-HSPF2/instance-out.sql,30.72,67.12,23631.26,51624.27
CZ05/SFm&1&rDXHP&Ex&dxHP_equip/RE-dxHP_equip-spltSEER-20.5-SEER2-9.1-HSPF2/instance-out.sql,30.70,67.03,23608.70,51552.82
CZ05/SFm&2&rDXHP&Ex&dxHP_equip/Pre-RE-HV-RoomAC-9.0E-ERheat/instance-out.sql,29.42,73.39,38137.25,95136.50
CZ05/SFm&2&rDXHP&Ex&dxHP_equip/Std-RE-HV-RoomAC-9.8E-ERheat/instance-out.sql,29.33,73.12,38024.79,94780.33
CZ05/SFm&2&rDXHP&Ex&dxHP_equip/RE-dxHP_equip-spltSEER-12.5-SEER2-6.4-HSPF2/instance-out.sql,27.50,67.32,35650.86,87262.01
CZ05/SFm&2&rDXHP&Ex&dxHP_equip/RE-dxHP_equip-spltSEER-14.3-SEER2-7.5-HSPF2/instance-out.sql,27.17,66.27,35221.98,85903.76
CZ05/SFm&2&rDXHP&Ex&dxHP_equip/RE-dxHP_equip-spltSEER-16.0-SEER2-8.1-HSPF2/instance-out.sql,25.29,60.32,32786.76,78191.61
CZ05/SFm&2&rDXHP&Ex&dxHP_equip/RE-dxHP_equip-spltSEER-18.7-SEER2-8.7-HSPF2/instance-out.sql,25.20,60.01,32660.92,77793.07
CZ05/SFm&2&rDXHP&Ex&dxHP_equip/RE-dxHP_equip-spltSEER-20.5-SEER2-9.1-HSPF2/instance-out.sql,25.16,59.89,32609.49,77630.19
CZ06/SFm&1&rDXHP&Ex&dxHP_equip/Pre-RE-HV-RoomAC-9.0E-ERheat/instance-out.sql,30.28,68.09,23290.08,52367.89
CZ06/SFm&1&rDXHP&Ex&dxHP_equip/Std-RE-HV-RoomAC-9.8E-ERheat/instance-out.sql,30.18,67.77,23213.08,52124.03
CZ06/SFm&1&rDXHP&Ex&dxHP_equip/RE-dxHP_equip-spltSEER-12.5-SEER2-6.4-HSPF2/instance-out.sql,29.52,65.68,22705.60,50516.67
CZ06/SFm&1&rDXHP&Ex&dxHP_equip/RE-dxHP_equip-spltSEER-14.3-SEER2-7.5-HSPF2/instance-out.sql,29.35,65.14,22574.20,50100.54
CZ06/SFm&1&rDXHP&Ex&dxHP_equip/RE-dxHP_equip-spltSEER-16.0-SEER2-8.1-HSPF2/instance-out.sql,28.67,62.98,22049.88,48440.32
CZ06/SFm&1&rDXHP&Ex&dxHP_equip/RE-dxHP_equip-spltSEER-18.7-SEER2-8.7-HSPF2/instance-out.sql,28.60,62.77,21998.34,48277.09
CZ06/SFm&1&rDXHP&Ex&dxHP_equip/RE-dxHP_equip-spltSEER-20.5-SEER2-9.1-HSPF2/instance-out.sql,28.58,62.69,21978.00,48212.70
CZ06/SFm&2&rDXHP&Ex&dxHP_equip/Pre-RE-HV-RoomAC-9.0E-ERheat/instance-out.sql,25.56,62.55,33137.08,81083.47
CZ06/SFm&2&rDXHP&Ex&dxHP_equip/Std-RE-HV-RoomAC-9.8E-ERheat/instance-out.sql,25.40,62.05,32929.86,80427.20
CZ06/SFm&2&rDXHP&Ex&dxHP_equip/RE-dxHP_equip-spltSEER-12.5-SEER2-6.4-HSPF2/instance-out.sql,24.65,59.65,31948.43,77318.63
CZ06/SFm&2&rDXHP&Ex&dxHP_equip/RE-dxHP_equip-spltSEER-14.3-SEER2-7.5-HSPF2/instance-out.sql,24.42,58.93,31652.75,76382.22
CZ06/SFm&2&rDXHP&Ex&dxHP_equip/RE-dxHP_equip-spltSEER-16.0-SEER2-8.1-HSPF2/instance-out.sql,23.53,56.13,30506.20,72751.00
CZ06/SFm&2&rDXHP&Ex&dxHP_equip/RE-dxHP_equip-spltSEER-18.7-SEER2-8.7-HSPF2/instance-out.sql,23.44,55.82,30381.12,72354.89
CZ06/SFm&2&rDXHP&Ex&dxHP_equip/RE-dxHP_equip-spltSEER-20.5-SEER2-9.1-HSPF2/instance-out.sql,23.40,55.70,30332.20,72199.95
CZ07/SFm&1&rDXHP&Ex&dxHP_equip/Pre-RE-HV-RoomAC-9.0E-ERheat/instance-out.sql,29.56,66.13,22735.13,50859.51
CZ07/SFm&1&rDXHP&Ex&dxHP_equip/Std-RE-HV-RoomAC-9.8E-ERheat/instance-out.sql,29.48,65.88,22675.80,50671.60
CZ07/SFm&1&rDXHP&Ex&dxHP_equip/RE-dxHP_equip-spltSEER-12.5-SEER2-6.4-HSPF2/instance-out.sql,28.90,64.03,22226.47,49248.46
CZ07/SFm&1&rDXHP&Ex&dxHP_equip/RE-dxHP_equip-spltSEER-14.3-SEER2-7.5-HSPF2/instance-out.sql,28.76,63.58,22117.01,48901.80
CZ07/SFm&1&rDXHP&Ex&dxHP_equip/RE-dxHP_equip-spltSEER-16.0-SEER2-8.1-HSPF2/instance-out.sql,28.19,61.78,21679.67,47516.68
CZ07/SFm&1&rDXHP&Ex&dxHP_equip/RE-dxHP_equip-spltSEER-18.7-SEER2-8.7-HSPF2/instance-out.sql,28.13,61.61,21638.32,47385.73
CZ07/SFm&1&rDXHP&Ex&dxHP_equip/RE-dxHP_equip-spltSEER-20.5-SEER2-9.1-HSPF2/instance-out.sql,28.11,61.54,21621.93,47333.81
CZ07/SFm&2&rDXHP&Ex&dxHP_equip/Pre-RE-HV-RoomAC-9.0E-ERheat/instance-out.sql,24.48,59.32,31734.18,76894.70
CZ07/SFm&2&rDXHP&Ex&dxHP_equip/Std-RE-HV-RoomAC-9.8E-ERheat/instance-out.sql,24.37,58.97,31591.71,76443.49
CZ07/SFm&2&rDXHP&Ex&dxHP_equip/RE-dxHP_equip-spltSEER-12.5-SEER2-6.4-HSPF2/instance-out.sql,23.71,56.89,30736.88,73736.33
CZ07/SFm&2&rDXHP&Ex&dxHP_equip/RE-dxHP_equip-spltSEER-14.3-SEER2-7.5-HSPF2/instance-out.sql,23.54,56.33,30508.01,73011.48
CZ07/SFm&2&rDXHP&Ex&dxHP_equip/RE-dxHP_equip-spltSEER-16.0-SEER2-8.1-HSPF2/instance-out.sql,22.85,54.15,29618.11,70193.13
CZ07/SFm&2&rDXHP&Ex&dxHP_equip/RE-dxHP_equip-spltSEER-18.7-SEER2-8.7-HSPF2/instance-out.sql,22.78,53.93,29528.17,69908.27
CZ07/SFm&2&rDXHP&Ex&dxHP_equip/RE-dxHP_equip-spltSEER-20.5-SEER2-9.1-HSPF2/instance-out.sql,22.75,53.85,29492.71,69795.96
CZ08/SFm&1&rDXHP&Ex&dxHP_equip/Pre-RE-HV-RoomAC-9.0E-ERheat/instance-out.sql,31.52,72.55,24242.51,55798.94
CZ08/SFm&1&rDXHP&Ex&dxHP_equip/Std-RE-HV-RoomAC-9.8E-ERheat/instance-out.sql,31.31,71.90,24085.13,55300.54
CZ08/SFm&1&rDXHP&Ex&dxHP_equip/RE-dxHP_equip-spltSEER-12.5-SEER2-6.4-HSPF2/instance-out.sql,30.61,69.67,23542.39,53581.54
CZ08/SFm&1&rDXHP&Ex&dxHP_equip/RE-dxHP_equip-spltSEER-14.3-SEER2-7.5-HSPF2/instance-out.sql,30.36,68.87,23349.71,52971.32
CZ08/SFm&1&rDXHP&Ex&dxHP_equip/RE-dxHP_equip-spltSEER-16.0-SEER2-8.1-HSPF2/instance-out.sql,29.32,65.57,22547.85,50432.19
CZ08/SFm&1&rDXHP&Ex&dxHP_equip/RE-dxHP_equip-spltSEER-18.7-SEER2-8.7-HSPF2/instance-out.sql,29.20,65.19,22455.99,50141.26
CZ08/SFm&1&rDXHP&Ex&dxHP_equip/RE-dxHP_equip-spltSEER-20.5-SEER2-9.1-HSPF2/instance-out.sql,29.15,65.05,22420.41,50028.61
CZ08/SFm&2&rDXHP&Ex&dxHP_equip/Pre-RE-HV-RoomAC-9.0E-ERheat/instance-out.sql,27.30,68.38,35392.49,88633.78
CZ08/SFm&2&rDXHP&Ex&dxHP_equip/Std-RE-HV-RoomAC-9.8E-ERheat/instance-out.sql,27.00,67.42,35001.90,87396.79
CZ08/SFm&2&rDXHP&Ex&dxHP_equip/RE-dxHP_equip-spltSEER-12.5-SEER2-6.4-HSPF2/instance-out.sql,26.21,64.91,33973.04,84138.33
CZ08/SFm&2&rDXHP&Ex&dxHP_equip/RE-dxHP_equip-spltSEER-14.3-SEER2-7.5-HSPF2/instance-out.sql,25.88,63.86,33542.65,82775.28
CZ08/SFm&2&rDXHP&Ex&dxHP_equip/RE-dxHP_equip-spltSEER-16.0-SEER2-8.1-HSPF2/instance-out.sql,24.53,59.58,31790.60,77226.55
CZ08/SFm&2&rDXHP&Ex&dxHP_equip/RE-dxHP_equip-spltSEER-18.7-SEER2-8.7-HSPF2/instance-out.sql,24.36,59.06,31579.21,76557.07
CZ08/SFm&2&rDXHP&Ex&dxHP_equip/RE-dxHP_equip-spltSEER-20.5-SEER2-9.1-HSPF2/instance-out.sql,24.30,58.86,31497.74,76299.06
CZ09/SFm&1&rDXHP&Ex&dxHP_equip/Pre-RE-HV-RoomAC-9.0E-ERheat/instance-out.sql,33.04,77.60,25411.09,59686.41
CZ09/SFm&1&rDXHP&Ex&dxHP_equip/Std-RE-HV-RoomAC-9.8E-ERheat/instance-out.sql,32.79,76.82,25220.90,59084.08
CZ09/SFm&1&rDXHP&Ex&dxHP_equip/RE-dxHP_equip-spltSEER-12.5-SEER2-6.4-HSPF2/instance-out.sql,31.80,73.68,24459.32,56672.14
CZ09/SFm&1&rDXHP&Ex&dxHP_equip/RE-dxHP_equip-spltSEER-14.3-SEER2-7.5-HSPF2/instance-out.sql,31.48,72.65,24208.58,55878.07
CZ09/SFm&1&rDXHP&Ex&dxHP_equip/RE-dxHP_equip-spltSEER-16.0-SEER2-8.1-HSPF2/instance-out.sql,30.10,68.29,23150.23,52526.12
CZ09/SFm&1&rDXHP&Ex&dxHP_equip/RE-dxHP_equip-spltSEER-18.7-SEER2-8.7-HSPF2/instance-out.sql,29.95,67.83,23037.70,52169.75
CZ09/SFm&1&rDXHP&Ex&dxHP_equip/RE-dxHP_equip-spltSEER-20.5-SEER2-9.1-HSPF2/instance-out.sql,29.90,67.65,22993.96,52031.23
CZ09/SFm&2&rDXHP&Ex&dxHP_equip/Pre-RE-HV-RoomAC-9.0E-ERheat/instance-out.sql,29.15,74.35,37781.62,96378.97
CZ09/SFm&2&rDXHP&Ex&dxHP_equip/Std-RE-HV-RoomAC-9.8E-ERheat/instance-out.sql,28.79,73.22,37317.99,94910.64
CZ09/SFm&2&rDXHP&Ex&dxHP_equip/RE-dxHP_equip-spltSEER-12.5-SEER2-6.4-HSPF2/instance-out.sql,27.69,69.73,35890.58,90390.13
CZ09/SFm&2&rDXHP&Ex&dxHP_equip/RE-dxHP_equip-spltSEER-14.3-SEER2-7.5-HSPF2/instance-out.sql,27.27,68.40,35343.72,88658.24
CZ09/SFm&2&rDXHP&Ex&dxHP_equip/RE-dxHP_equip-spltSEER-16.0-SEER2-8.1-HSPF2/instance-out.sql,25.57,63.03,33146.95,81700.77
CZ09/SFm&2&rDXHP&Ex&dxHP_equip/RE-dxHP_equip-spltSEER-18.7-SEER2-8.7-HSPF2/instance-out.sql,25.37,62.40,32888.38,80881.86
CZ09/SFm&2&rDXHP&Ex&dxHP_equip/RE-dxHP_equip-spltSEER-20.5-SEER2-9.1-HSPF2/instance-out.sql,25.30,62.15,32788.43,80565.31

File Name,Total (kWh),Heating (kWh),Cooling (kWh),Interior Lighting (kWh),Exterior Lighting (kWh),Interior Equipment (kWh),Exterior Equipment (kWh),Fans (kWh),Pumps (kWh),Heat Rejection (kWh),Humidification (kWh),Heat Recovery (kWh),Water Systems (kWh),Refrigeration (kWh),Generators (kWh),Heating Elec (kWh),Cooling Elec (kWh),Heating NG (kWh),Cooling NG (kWh),Interior Equipment Elec (kWh),Interior Equipment NG (kWh)
CZ01/SFm&1&rDXHP&Ex&dxHP_equip/Pre-RE-HV-RoomAC-9.0E-ERheat/instance-out.sql,26021.48,3461.0,58.37,1557.5,457.71,10338.53,0.0,78.95,0.0,0.0,0.0,0.0,10069.42,0.0,0.0,3461.00,58.37,0.00,0.00,8268.27,2070.26
CZ01/SFm&1&rDXHP&Ex&dxHP_equip/Std-RE-HV-RoomAC-9.8E-ERheat/instance-out.sql,26016.800000000003,3461.0,53.69,1557.5,457.71,10338.53,0.0,78.95,0.0,0.0,0.0,0.0,10069.42,0.0,0.0,3461.00,53.69,0.00,0.00,8268.27,2070.26
CZ01/SFm&1&rDXHP&Ex&dxHP_equip/RE-dxHP_equip-spltSEER-12.5-SEER2-6.4-HSPF2/instance-out.sql,25160.78,2263.95,43.86,1557.5,457.71,10338.53,0.0,429.77,0.0,0.0,0.0,0.0,10069.47,0.0,0.0,2263.95,43.86,0.00,0.00,8268.27,2070.26
CZ01/SFm&1&rDXHP&Ex&dxHP_equip/RE-dxHP_equip-spltSEER-14.3-SEER2-7.5-HSPF2/instance-out.sql,25038.4,2144.98,40.45,1557.5,457.71,10338.53,0.0,429.77,0.0,0.0,0.0,0.0,10069.47,0.0,0.0,2144.98,40.45,0.00,0.00,8268.27,2070.26
CZ01/SFm&1&rDXHP&Ex&dxHP_equip/RE-dxHP_equip-spltSEER-16.0-SEER2-8.1-HSPF2/instance-out.sql,23737.72,1125.05,33.3,1557.5,457.71,10338.53,0.0,156.12,0.0,0.0,0.0,0.0,10069.5,0.0,0.0,1125.05,33.30,0.00,0.00,8268.27,2070.26
CZ01/SFm&1&rDXHP&Ex&dxHP_equip/RE-dxHP_equip-spltSEER-18.7-SEER2-8.7-HSPF2/instance-out.sql,23711.48,1100.95,31.17,1557.5,457.71,10338.53,0.0,156.12,0.0,0.0,0.0,0.0,10069.5,0.0,0.0,1100.95,31.17,0.00,0.00,8268.27,2070.26
CZ01/SFm&1&rDXHP&Ex&dxHP_equip/RE-dxHP_equip-spltSEER-20.5-SEER2-9.1-HSPF2/instance-out.sql,23700.29,1090.56,30.36,1557.5,457.71,10338.53,0.0,156.12,0.0,0.0,0.0,0.0,10069.5,0.0,0.0,1090.56,30.36,0.00,0.00,8268.27,2070.26
CZ01/SFm&2&rDXHP&Ex&dxHP_equip/Pre-RE-HV-RoomAC-9.0E-ERheat/instance-out.sql,35458.14,6193.0,160.3,1774.64,457.71,16701.91,0.0,147.29,0.0,0.0,0.0,0.0,10023.28,0.0,0.0,6193.00,160.30,0.00,0.00,13440.28,3261.63
CZ01/SFm&2&rDXHP&Ex&dxHP_equip/Std-RE-HV-RoomAC-9.8E-ERheat/instance-out.sql,35445.3,6193.0,147.46,1774.64,457.71,16701.91,0.0,147.29,0.0,0.0,0.0,0.0,10023.28,0.0,0.0,6193.00,147.46,0.00,0.00,13440.28,3261.63
CZ01/SFm&2&rDXHP&Ex&dxHP_equip/RE-dxHP_equip-spltSEER-12.5-SEER2-6.4-HSPF2/instance-out.sql,33862.75,3983.79,120.59,1774.64,457.71,16701.91,0.0,800.58,0.0,0.0,0.0,0.0,10023.52,0.0,0.0,3983.79,120.59,0.00,0.00,13440.28,3261.63
CZ01/SFm&2&rDXHP&Ex&dxHP_equip/RE-dxHP_equip-spltSEER-14.3-SEER2-7.5-HSPF2/instance-out.sql,33635.97,3766.38,111.22,1774.64,457.71,16701.91,0.0,800.58,0.0,0.0,0.0,0.0,10023.52,0.0,0.0,3766.38,111.22,0.00,0.00,13440.28,3261.63
CZ01/SFm&2&rDXHP&Ex&dxHP_equip/RE-dxHP_equip-spltSEER-16.0-SEER2-8.1-HSPF2/instance-out.sql,31350.489999999998,2015.03,90.49,1774.64,457.71,16701.91,0.0,287.43,0.0,0.0,0.0,0.0,10023.26,0.0,0.0,2015.03,90.49,0.00,0.00,13440.28,3261.63
CZ01/SFm&2&rDXHP&Ex&dxHP_equip/RE-dxHP_equip-spltSEER-18.7-SEER2-8.7-HSPF2/instance-out.sql,31301.52,1971.86,84.7,1774.64,457.71,16701.91,0.0,287.43,0.0,0.0,0.0,0.0,10023.26,0.0,0.0,1971.86,84.70,0.00,0.00,13440.28,3261.63
CZ01/SFm&2&rDXHP&Ex&dxHP_equip/RE-dxHP_equip-spltSEER-20.5-SEER2-9.1-HSPF2/instance-out.sql,31280.73,1953.25,82.52,1774.64,457.71,16701.91,0.0,287.43,0.0,0.0,0.0,0.0,10023.26,0.0,0.0,1953.25,82.52,0.00,0.00,13440.28,3261.63
CZ02/SFm&1&rDXHP&Ex&dxHP_equip/Pre-RE-HV-RoomAC-9.0E-ERheat/instance-out.sql,28914.600000000002,6585.79,682.19,1557.5,457.71,10338.53,0.0,173.28,0.0,0.0,0.0,0.0,9119.6,0.0,0.0,6585.79,682.19,0.00,0.00,8268.27,2070.26
CZ02/SFm&1&rDXHP&Ex&dxHP_equip/Std-RE-HV-RoomAC-9.8E-ERheat/instance-out.sql,28859.93,6585.79,627.52,1557.5,457.71,10338.53,0.0,173.28,0.0,0.0,0.0,0.0,9119.6,0.0,0.0,6585.79,627.52,0.00,0.00,8268.27,2070.26
CZ02/SFm&1&rDXHP&Ex&dxHP_equip/RE-dxHP_equip-spltSEER-12.5-SEER2-6.4-HSPF2/instance-out.sql,27153.98,4209.76,513.64,1557.5,457.71,10338.53,0.0,957.13,0.0,0.0,0.0,0.0,9119.72,0.0,0.0,4209.76,513.64,0.00,0.00,8268.27,2070.26
CZ02/SFm&1&rDXHP&Ex&dxHP_equip/RE-dxHP_equip-spltSEER-14.3-SEER2-7.5-HSPF2/instance-out.sql,26875.22,3970.9,473.73,1557.5,457.71,10338.53,0.0,957.13,0.0,0.0,0.0,0.0,9119.72,0.0,0.0,3970.90,473.73,0.00,0.00,8268.27,2070.26
CZ02/SFm&1&rDXHP&Ex&dxHP_equip/RE-dxHP_equip-spltSEER-16.0-SEER2-8.1-HSPF2/instance-out.sql,24607.2,2358.21,413.58,1557.5,457.71,10338.53,0.0,362.0,0.0,0.0,0.0,0.0,9119.67,0.0,0.0,2358.21,413.58,0.00,0.00,8268.27,2070.26
CZ02/SFm&1&rDXHP&Ex&dxHP_equip/RE-dxHP_equip-spltSEER-18.7-SEER2-8.7-HSPF2/instance-out.sql,24530.190000000002,2307.68,387.1,1557.5,457.71,10338.53,0.0,362.0,0.0,0.0,0.0,0.0,9119.67,0.0,0.0,2307.68,387.10,0.00,0.00,8268.27,2070.26
CZ02/SFm&1&rDXHP&Ex&dxHP_equip/RE-dxHP_equip-spltSEER-20.5-SEER2-9.1-HSPF2/instance-out.sql,24498.43,2285.91,377.11,1557.5,457.71,10338.53,0.0,362.0,0.0,0.0,0.0,0.0,9119.67,0.0,0.0,2285.91,377.11,0.00,0.00,8268.27,2070.26
CZ02/SFm&2&rDXHP&Ex&dxHP_equip/Pre-RE-HV-RoomAC-9.0E-ERheat/instance-out.sql,43074.42,12761.51,1928.19,1774.64,457.71,16701.91,0.0,357.27,0.0,0.0,0.0,0.0,9093.18,0.0,0.0,12761.51,1928.19,0.00,0.00,13440.28,3261.63
CZ02/SFm&2&rDXHP&Ex&dxHP_equip/Std-RE-HV-RoomAC-9.8E-ERheat/instance-out.sql,42919.89,12761.51,1773.67,1774.64,457.71,16701.91,0.0,357.27,0.0,0.0,0.0,0.0,9093.18,0.0,0.0,12761.51,1773.67,0.00,0.00,13440.28,3261.63
CZ02/SFm&2&rDXHP&Ex&dxHP_equip/RE-dxHP_equip-spltSEER-12.5-SEER2-6.4-HSPF2/instance-out.sql,39582.09,8111.65,1457.68,1774.64,457.71,16701.91,0.0,1985.31,0.0,0.0,0.0,0.0,9093.17,0.0,0.0,8111.65,1457.68,0.00,0.00,13440.28,3261.63
CZ02/SFm&2&rDXHP&Ex&dxHP_equip/RE-dxHP_equip-spltSEER-14.3-SEER2-7.5-HSPF2/instance-out.sql,39001.34,7644.16,1344.43,1774.64,457.71,16701.91,0.0,1985.31,0.0,0.0,0.0,0.0,9093.17,0.0,0.0,7644.16,1344.43,0.00,0.00,13440.28,3261.63
CZ02/SFm&2&rDXHP&Ex&dxHP_equip/RE-dxHP_equip-spltSEER-16.0-SEER2-8.1-HSPF2/instance-out.sql,34616.02,4662.63,1164.74,1774.64,457.71,16701.91,0.0,761.19,0.0,0.0,0.0,0.0,9093.18,0.0,0.0,4662.63,1164.74,0.00,0.00,13440.28,3261.63
CZ02/SFm&2&rDXHP&Ex&dxHP_equip/RE-dxHP_equip-spltSEER-18.7-SEER2-8.7-HSPF2/instance-out.sql,34441.92,4562.72,1090.56,1774.64,457.71,16701.91,0.0,761.19,0.0,0.0,0.0,0.0,9093.18,0.0,0.0,4562.72,1090.56,0.00,0.00,13440.28,3261.63
CZ02/SFm&2&rDXHP&Ex&dxHP_equip/RE-dxHP_equip-spltSEER-20.5-SEER2-9.1-HSPF2/instance-out.sql,34370.88,4519.68,1062.57,1774.64,457.71,16701.91,0.0,761.19,0.0,0.0,0.0,0.0,9093.18,0.0,0.0,4519.68,1062.57,0.00,0.00,13440.28,3261.63
CZ03/SFm&1&rDXHP&Ex&dxHP_equip/Pre-RE-HV-RoomAC-9.0E-ERheat/instance-out.sql,26228.43,4152.06,537.89,1557.5,457.71,10338.53,0.0,115.82,0.0,0.0,0.0,0.0,9068.91,0.0,0.0,4152.06,537.89,0.00,0.00,8268.27,2070.26
CZ03/SFm&1&rDXHP&Ex&dxHP_equip/Std-RE-HV-RoomAC-9.8E-ERheat/instance-out.sql,26185.33,4152.06,494.78,1557.5,457.71,10338.53,0.0,115.82,0.0,0.0,0.0,0.0,9068.91,0.0,0.0,4152.06,494.78,0.00,0.00,8268.27,2070.26
CZ03/SFm&1&rDXHP&Ex&dxHP_equip/RE-dxHP_equip-spltSEER-12.5-SEER2-6.4-HSPF2/instance-out.sql,25013.67,2556.03,404.23,1557.5,457.71,10338.53,0.0,630.76,0.0,0.0,0.0,0.0,9068.92,0.0,0.0,2556.03,404.23,0.00,0.00,8268.27,2070.26
CZ03/SFm&1&rDXHP&Ex&dxHP_equip/RE-dxHP_equip-spltSEER-14.3-SEER2-7.5-HSPF2/instance-out.sql,24809.1,2382.86,372.82,1557.5,457.71,10338.53,0.0,630.76,0.0,0.0,0.0,0.0,9068.92,0.0,0.0,2382.86,372.82,0.00,0.00,8268.27,2070.26
CZ03/SFm&1&rDXHP&Ex&dxHP_equip/RE-dxHP_equip-spltSEER-16.0-SEER2-8.1-HSPF2/instance-out.sql,23705.69,1715.66,312.96,1557.5,457.71,10338.53,0.0,254.37,0.0,0.0,0.0,0.0,9068.96,0.0,0.0,1715.66,312.96,0.00,0.00,8268.27,2070.26
CZ03/SFm&1&rDXHP&Ex&dxHP_equip/RE-dxHP_equip-spltSEER-18.7-SEER2-8.7-HSPF2/instance-out.sql,23648.89,1678.89,292.93,1557.5,457.71,10338.53,0.0,254.37,0.0,0.0,0.0,0.0,9068.96,0.0,0.0,1678.89,292.93,0.00,0.00,8268.27,2070.26
CZ03/SFm&1&rDXHP&Ex&dxHP_equip/RE-dxHP_equip-spltSEER-20.5-SEER2-9.1-HSPF2/instance-out.sql,23625.489999999998,1663.06,285.37,1557.5,457.71,10338.53,0.0,254.37,0.0,0.0,0.0,0.0,9068.96,0.0,0.0,1663.06,285.37,0.00,0.00,8268.27,2070.26
CZ03/SFm&2&rDXHP&Ex&dxHP_equip/Pre-RE-HV-RoomAC-9.0E-ERheat/instance-out.sql,37225.01,7579.45,1438.01,1774.64,457.71,16701.91,0.0,227.89,0.0,0.0,0.0,0.0,9045.4,0.0,0.0,7579.45,1438.01,0.00,0.00,13440.28,3261.63
CZ03/SFm&2&rDXHP&Ex&dxHP_equip/Std-RE-HV-RoomAC-9.8E-ERheat/instance-out.sql,37109.770000000004,7579.45,1322.77,1774.64,457.71,16701.91,0.0,227.89,0.0,0.0,0.0,0.0,9045.4,0.0,0.0,7579.45,1322.77,0.00,0.00,13440.28,3261.63
CZ03/SFm&2&rDXHP&Ex&dxHP_equip/RE-dxHP_equip-spltSEER-12.5-SEER2-6.4-HSPF2/instance-out.sql,34946.43,4600.36,1082.05,1774.64,457.71,16701.91,0.0,1284.37,0.0,0.0,0.0,0.0,9045.37,0.0,0.0,4600.36,1082.05,0.00,0.00,13440.28,3261.63
CZ03/SFm&2&rDXHP&Ex&dxHP_equip/RE-dxHP_equip-spltSEER-14.3-SEER2-7.5-HSPF2/instance-out.sql,34546.25,4284.26,997.98,1774.64,457.71,16701.91,0.0,1284.37,0.0,0.0,0.0,0.0,9045.37,0.0,0.0,4284.26,997.98,0.00,0.00,13440.28,3261.63
CZ03/SFm&2&rDXHP&Ex&dxHP_equip/RE-dxHP_equip-spltSEER-16.0-SEER2-8.1-HSPF2/instance-out.sql,32463.65,3151.01,825.81,1774.64,457.71,16701.91,0.0,507.18,0.0,0.0,0.0,0.0,9045.38,0.0,0.0,3151.01,825.81,0.00,0.00,13440.28,3261.63
CZ03/SFm&2&rDXHP&Ex&dxHP_equip/RE-dxHP_equip-spltSEER-18.7-SEER2-8.7-HSPF2/instance-out.sql,32343.5,3083.49,773.18,1774.64,457.71,16701.91,0.0,507.18,0.0,0.0,0.0,0.0,9045.38,0.0,0.0,3083.49,773.18,0.00,0.00,13440.28,3261.63
CZ03/SFm&2&rDXHP&Ex&dxHP_equip/RE-dxHP_equip-spltSEER-20.5-SEER2-9.1-HSPF2/instance-out.sql,32294.550000000003,3054.4,753.33,1774.64,457.71,16701.91,0.0,507.18,0.0,0.0,0.0,0.0,9045.38,0.0,0.0,3054.40,753.33,0.00,0.00,13440.28,3261.63
CZ04/SFm&1&rDXHP&Ex&dxHP_equip/Pre-RE-HV-RoomAC-9.0E-ERheat/instance-out.sql,29930.84,6551.31,2122.68,1557.5,457.71,10338.53,0.0,220.46,0.0,0.0,0.0,0.0,8682.65,0.0,0.0,6551.31,2122.68,0.00,0.00,8268.27,2070.26
CZ04/SFm&1&rDXHP&Ex&dxHP_equip/Std-RE-HV-RoomAC-9.8E-ERheat/instance-out.sql,29760.73,6551.31,1952.57,1557.5,457.71,10338.53,0.0,220.46,0.0,0.0,0.0,0.0,8682.65,0.0,0.0,6551.31,1952.57,0.00,0.00,8268.27,2070.26
CZ04/SFm&1&rDXHP&Ex&dxHP_equip/RE-dxHP_equip-spltSEER-12.5-SEER2-6.4-HSPF2/instance-out.sql,28034.11,4142.01,1611.92,1557.5,457.71,10338.53,0.0,1243.81,0.0,0.0,0.0,0.0,8682.62,0.0,0.0,4142.01,1611.92,0.00,0.00,8268.27,2070.26
CZ04/SFm&1&rDXHP&Ex&dxHP_equip/RE-dxHP_equip-spltSEER-14.3-SEER2-7.5-HSPF2/instance-out.sql,27666.44,3899.58,1486.69,1557.5,457.71,10338.53,0.0,1243.81,0.0,0.0,0.0,0.0,8682.62,0.0,0.0,3899.58,1486.69,0.00,0.00,8268.27,2070.26
CZ04/SFm&1&rDXHP&Ex&dxHP_equip/RE-dxHP_equip-spltSEER-16.0-SEER2-8.1-HSPF2/instance-out.sql,25169.010000000002,2329.58,1327.97,1557.5,457.71,10338.53,0.0,475.0,0.0,0.0,0.0,0.0,8682.71,0.0,0.0,2329.58,1327.97,0.00,0.00,8268.27,2070.26
CZ04/SFm&1&rDXHP&Ex&dxHP_equip/RE-dxHP_equip-spltSEER-18.7-SEER2-8.7-HSPF2/instance-out.sql,25034.08,2279.66,1242.97,1557.5,457.71,10338.53,0.0,475.0,0.0,0.0,0.0,0.0,8682.71,0.0,0.0,2279.66,1242.97,0.00,0.00,8268.27,2070.26
CZ04/SFm&1&rDXHP&Ex&dxHP_equip/RE-dxHP_equip-spltSEER-20.5-SEER2-9.1-HSPF2/instance-out.sql,24980.5,2258.15,1210.89,1557.5,457.71,10338.53,0.0,475.0,0.0,0.0,0.0,0.0,8682.71,0.0,0.0,2258.15,1210.89,0.00,0.00,8268.27,2070.26
CZ04/SFm&2&rDXHP&Ex&dxHP_equip/Pre-RE-HV-RoomAC-9.0E-ERheat/instance-out.sql,46182.729999999996,12613.5,5494.84,1774.64,457.71,16701.91,0.0,469.3,0.0,0.0,0.0,0.0,8670.83,0.0,0.0,12613.50,5494.84,0.00,0.00,13440.28,3261.63
CZ04/SFm&2&rDXHP&Ex&dxHP_equip/Std-RE-HV-RoomAC-9.8E-ERheat/instance-out.sql,45742.38,12613.5,5054.49,1774.64,457.71,16701.91,0.0,469.3,0.0,0.0,0.0,0.0,8670.83,0.0,0.0,12613.50,5054.49,0.00,0.00,13440.28,3261.63
CZ04/SFm&2&rDXHP&Ex&dxHP_equip/RE-dxHP_equip-spltSEER-12.5-SEER2-6.4-HSPF2/instance-out.sql,42391.740000000005,7932.08,4183.79,1774.64,457.71,16701.91,0.0,2670.78,0.0,0.0,0.0,0.0,8670.82,0.0,0.0,7932.08,4183.79,0.00,0.00,13440.28,3261.63
CZ04/SFm&2&rDXHP&Ex&dxHP_equip/RE-dxHP_equip-spltSEER-14.3-SEER2-7.5-HSPF2/instance-out.sql,41595.51,7460.9,3858.73,1774.64,457.71,16701.91,0.0,2670.78,0.0,0.0,0.0,0.0,8670.82,0.0,0.0,7460.90,3858.73,0.00,0.00,13440.28,3261.63
CZ04/SFm&2&rDXHP&Ex&dxHP_equip/RE-dxHP_equip-spltSEER-16.0-SEER2-8.1-HSPF2/instance-out.sql,36649.08,4572.49,3434.63,1774.64,457.71,16701.91,0.0,1036.98,0.0,0.0,0.0,0.0,8670.71,0.0,0.0,4572.49,3434.63,0.00,0.00,13440.28,3261.63
CZ04/SFm&2&rDXHP&Ex&dxHP_equip/RE-dxHP_equip-spltSEER-18.7-SEER2-8.7-HSPF2/instance-out.sql,36332.35,4474.51,3215.88,1774.64,457.71,16701.91,0.0,1036.98,0.0,0.0,0.0,0.0,8670.71,0.0,0.0,4474.51,3215.88,0.00,0.00,13440.28,3261.63
CZ04/SFm&2&rDXHP&Ex&dxHP_equip/RE-dxHP_equip-spltSEER-20.5-SEER2-9.1-HSPF2/instance-out.sql,36207.6,4432.3,3133.35,1774.64,457.71,16701.91,0.0,1036.98,0.0,0.0,0.0,0.0,8670.71,0.0,0.0,4432.30,3133.35,0.00,0.00,13440.28,3261.63
CZ05/SFm&1&rDXHP&Ex&dxHP_equip/Pre-RE-HV-RoomAC-9.0E-ERheat/instance-out.sql,26367.940000000002,4356.02,464.63,1557.5,457.71,10338.53,0.0,118.3,0.0,0.0,0.0,0.0,9075.25,0.0,0.0,4356.02,464.63,0.00,0.00,8268.27,2070.26
CZ05/SFm&1&rDXHP&Ex&dxHP_equip/Std-RE-HV-RoomAC-9.8E-ERheat/instance-out.sql,26330.7,4356.02,427.39,1557.5,457.71,10338.53,0.0,118.3,0.0,0.0,0.0,0.0,9075.25,0.0,0.0,4356.02,427.39,0.00,0.00,8268.27,2070.26
CZ05/SFm&1&rDXHP&Ex&dxHP_equip/RE-dxHP_equip-spltSEER-12.5-SEER2-6.4-HSPF2/instance-out.sql,25127.08,2687.35,350.19,1557.5,457.71,10338.53,0.0,660.57,0.0,0.0,0.0,0.0,9075.22,0.0,0.0,2687.35,350.19,0.00,0.00,8268.27,2070.26
CZ05/SFm&1&rDXHP&Ex&dxHP_equip/RE-dxHP_equip-spltSEER-14.3-SEER2-7.5-HSPF2/instance-out.sql,24924.27,2511.75,322.99,1557.5,457.71,10338.53,0.0,660.57,0.0,0.0,0.0,0.0,9075.22,0.0,0.0,2511.75,322.99,0.00,0.00,8268.27,2070.26
CZ05/SFm&1&rDXHP&Ex&dxHP_equip/RE-dxHP_equip-spltSEER-16.0-SEER2-8.1-HSPF2/instance-out.sql,23685.79,1732.04,272.04,1557.5,457.71,10338.53,0.0,252.8,0.0,0.0,0.0,0.0,9075.17,0.0,0.0,1732.04,272.04,0.00,0.00,8268.27,2070.26
CZ05/SFm&1&rDXHP&Ex&dxHP_equip/RE-dxHP_equip-spltSEER-18.7-SEER2-8.7-HSPF2/instance-out.sql,23631.260000000002,1694.92,254.62,1557.5,457.71,10338.53,0.0,252.8,0.0,0.0,0.0,0.0,9075.17,0.0,0.0,1694.92,254.62,0.00,0.00,8268.27,2070.26
CZ05/SFm&1&rDXHP&Ex&dxHP_equip/RE-dxHP_equip-spltSEER-20.5-SEER2-9.1-HSPF2/instance-out.sql,23608.7,1678.93,248.05,1557.5,457.71,10338.53,0.0,252.8,0.0,0.0,0.0,0.0,9075.17,0.0,0.0,1678.93,248.05,0.00,0.00,8268.27,2070.26
CZ05/SFm&2&rDXHP&Ex&dxHP_equip/Pre-RE-HV-RoomAC-9.0E-ERheat/instance-out.sql,38137.26,8500.5,1403.33,1774.64,457.71,16701.91,0.0,249.61,0.0,0.0,0.0,0.0,9049.54,0.0,0.0,8500.50,1403.33,0.00,0.00,13440.28,3261.63
CZ05/SFm&2&rDXHP&Ex&dxHP_equip/Std-RE-HV-RoomAC-9.8E-ERheat/instance-out.sql,38024.79,8500.5,1290.86,1774.64,457.71,16701.91,0.0,249.61,0.0,0.0,0.0,0.0,9049.54,0.0,0.0,8500.50,1290.86,0.00,0.00,13440.28,3261.63
CZ05/SFm&2&rDXHP&Ex&dxHP_equip/RE-dxHP_equip-spltSEER-12.5-SEER2-6.4-HSPF2/instance-out.sql,35650.86,5205.97,1059.08,1774.64,457.71,16701.91,0.0,1401.96,0.0,0.0,0.0,0.0,9049.58,0.0,0.0,5205.97,1059.08,0.00,0.00,13440.28,3261.63
CZ05/SFm&2&rDXHP&Ex&dxHP_equip/RE-dxHP_equip-spltSEER-14.3-SEER2-7.5-HSPF2/instance-out.sql,35221.979999999996,4859.38,976.79,1774.64,457.71,16701.91,0.0,1401.96,0.0,0.0,0.0,0.0,9049.58,0.0,0.0,4859.38,976.79,0.00,0.00,13440.28,3261.63
CZ05/SFm&2&rDXHP&Ex&dxHP_equip/RE-dxHP_equip-spltSEER-16.0-SEER2-8.1-HSPF2/instance-out.sql,32786.76,3444.32,815.44,1774.64,457.71,16701.91,0.0,543.24,0.0,0.0,0.0,0.0,9049.49,0.0,0.0,3444.32,815.44,0.00,0.00,13440.28,3261.63
CZ05/SFm&2&rDXHP&Ex&dxHP_equip/RE-dxHP_equip-spltSEER-18.7-SEER2-8.7-HSPF2/instance-out.sql,32660.92,3370.52,763.4,1774.64,457.71,16701.91,0.0,543.24,0.0,0.0,0.0,0.0,9049.49,0.0,0.0,3370.52,763.40,0.00,0.00,13440.28,3261.63
CZ05/SFm&2&rDXHP&Ex&dxHP_equip/RE-dxHP_equip-spltSEER-20.5-SEER2-9.1-HSPF2/instance-out.sql,32609.489999999998,3338.72,743.77,1774.64,457.71,16701.91,0.0,543.24,0.0,0.0,0.0,0.0,9049.49,0.0,0.0,3338.72,743.77,0.00,0.00,13440.28,3261.63
CZ06/SFm&1&rDXHP&Ex&dxHP_equip/Pre-RE-HV-RoomAC-9.0E-ERheat/instance-out.sql,23290.07,1704.58,960.83,1557.5,457.71,10338.53,0.0,71.49,0.0,0.0,0.0,0.0,8199.44,0.0,0.0,1704.58,960.83,0.00,0.00,8268.27,2070.26
CZ06/SFm&1&rDXHP&Ex&dxHP_equip/Std-RE-HV-RoomAC-9.8E-ERheat/instance-out.sql,23213.07,1704.58,883.83,1557.5,457.71,10338.53,0.0,71.49,0.0,0.0,0.0,0.0,8199.44,0.0,0.0,1704.58,883.83,0.00,0.00,8268.27,2070.26
CZ06/SFm&1&rDXHP&Ex&dxHP_equip/RE-dxHP_equip-spltSEER-12.5-SEER2-6.4-HSPF2/instance-out.sql,22705.6,1015.43,722.95,1557.5,457.71,10338.53,0.0,413.96,0.0,0.0,0.0,0.0,8199.51,0.0,0.0,1015.43,722.95,0.00,0.00,8268.27,2070.26
CZ06/SFm&1&rDXHP&Ex&dxHP_equip/RE-dxHP_equip-spltSEER-14.3-SEER2-7.5-HSPF2/instance-out.sql,22574.2,940.2,666.78,1557.5,457.71,10338.53,0.0,413.96,0.0,0.0,0.0,0.0,8199.51,0.0,0.0,940.20,666.78,0.00,0.00,8268.27,2070.26
CZ06/SFm&1&rDXHP&Ex&dxHP_equip/RE-dxHP_equip-spltSEER-16.0-SEER2-8.1-HSPF2/instance-out.sql,22049.87,774.34,546.69,1557.5,457.71,10338.53,0.0,175.73,0.0,0.0,0.0,0.0,8199.37,0.0,0.0,774.34,546.69,0.00,0.00,8268.27,2070.26
CZ06/SFm&1&rDXHP&Ex&dxHP_equip/RE-dxHP_equip-spltSEER-18.7-SEER2-8.7-HSPF2/instance-out.sql,21998.339999999997,757.75,511.74,1557.5,457.71,10338.53,0.0,175.73,0.0,0.0,0.0,0.0,8199.37,0.0,0.0,757.75,511.74,0.00,0.00,8268.27,2070.26
CZ06/SFm&1&rDXHP&Ex&dxHP_equip/RE-dxHP_equip-spltSEER-20.5-SEER2-9.1-HSPF2/instance-out.sql,21978.0,750.6,498.56,1557.5,457.71,10338.53,0.0,175.73,0.0,0.0,0.0,0.0,8199.37,0.0,0.0,750.60,498.56,0.00,0.00,8268.27,2070.26
CZ06/SFm&2&rDXHP&Ex&dxHP_equip/Pre-RE-HV-RoomAC-9.0E-ERheat/instance-out.sql,33137.090000000004,3262.53,2585.76,1774.64,457.71,16701.91,0.0,160.72,0.0,0.0,0.0,0.0,8193.81,0.0,0.0,3262.53,2585.76,0.00,0.00,13440.28,3261.63
CZ06/SFm&2&rDXHP&Ex&dxHP_equip/Std-RE-HV-RoomAC-9.8E-ERheat/instance-out.sql,32929.86,3262.53,2378.54,1774.64,457.71,16701.91,0.0,160.72,0.0,0.0,0.0,0.0,8193.81,0.0,0.0,3262.53,2378.54,0.00,0.00,13440.28,3261.63
CZ06/SFm&2&rDXHP&Ex&dxHP_equip/RE-dxHP_equip-spltSEER-12.5-SEER2-6.4-HSPF2/instance-out.sql,31948.440000000002,1936.0,1947.09,1774.64,457.71,16701.91,0.0,937.09,0.0,0.0,0.0,0.0,8193.98,0.0,0.0,1936.00,1947.09,0.00,0.00,13440.28,3261.63
CZ06/SFm&2&rDXHP&Ex&dxHP_equip/RE-dxHP_equip-spltSEER-14.3-SEER2-7.5-HSPF2/instance-out.sql,31652.760000000002,1791.6,1795.81,1774.64,457.71,16701.91,0.0,937.09,0.0,0.0,0.0,0.0,8193.98,0.0,0.0,1791.60,1795.81,0.00,0.00,13440.28,3261.63
CZ06/SFm&2&rDXHP&Ex&dxHP_equip/RE-dxHP_equip-spltSEER-16.0-SEER2-8.1-HSPF2/instance-out.sql,30506.199999999997,1510.89,1464.35,1774.64,457.71,16701.91,0.0,402.66,0.0,0.0,0.0,0.0,8194.02,0.0,0.0,1510.89,1464.35,0.00,0.00,13440.28,3261.63
CZ06/SFm&2&rDXHP&Ex&dxHP_equip/RE-dxHP_equip-spltSEER-18.7-SEER2-8.7-HSPF2/instance-out.sql,30381.120000000003,1478.51,1371.65,1774.64,457.71,16701.91,0.0,402.66,0.0,0.0,0.0,0.0,8194.02,0.0,0.0,1478.51,1371.65,0.00,0.00,13440.28,3261.63
CZ06/SFm&2&rDXHP&Ex&dxHP_equip/RE-dxHP_equip-spltSEER-20.5-SEER2-9.1-HSPF2/instance-out.sql,30332.199999999997,1464.56,1336.68,1774.64,457.71,16701.91,0.0,402.66,0.0,0.0,0.0,0.0,8194.02,0.0,0.0,1464.56,1336.68,0.00,0.00,13440.28,3261.63
CZ07/SFm&1&rDXHP&Ex&dxHP_equip/Pre-RE-HV-RoomAC-9.0E-ERheat/instance-out.sql,22735.13,1501.94,740.37,1557.5,457.71,10338.53,0.0,59.24,0.0,0.0,0.0,0.0,8079.83,0.0,0.0,1501.94,740.37,0.00,0.00,8268.27,2070.26
CZ07/SFm&1&rDXHP&Ex&dxHP_equip/Std-RE-HV-RoomAC-9.8E-ERheat/instance-out.sql,22675.79,1501.94,681.04,1557.5,457.71,10338.53,0.0,59.24,0.0,0.0,0.0,0.0,8079.83,0.0,0.0,1501.94,681.04,0.00,0.00,8268.27,2070.26
CZ07/SFm&1&rDXHP&Ex&dxHP_equip/RE-dxHP_equip-spltSEER-12.5-SEER2-6.4-HSPF2/instance-out.sql,22226.47,894.87,556.13,1557.5,457.71,10338.53,0.0,341.85,0.0,0.0,0.0,0.0,8079.88,0.0,0.0,894.87,556.13,0.00,0.00,8268.27,2070.26
CZ07/SFm&1&rDXHP&Ex&dxHP_equip/RE-dxHP_equip-spltSEER-14.3-SEER2-7.5-HSPF2/instance-out.sql,22117.010000000002,828.61,512.92,1557.5,457.71,10338.53,0.0,341.85,0.0,0.0,0.0,0.0,8079.88,0.0,0.0,828.61,512.92,0.00,0.00,8268.27,2070.26
CZ07/SFm&1&rDXHP&Ex&dxHP_equip/RE-dxHP_equip-spltSEER-16.0-SEER2-8.1-HSPF2/instance-out.sql,21679.67,691.51,433.46,1557.5,457.71,10338.53,0.0,121.03,0.0,0.0,0.0,0.0,8079.92,0.0,0.0,691.51,433.46,0.00,0.00,8268.27,2070.26
CZ07/SFm&1&rDXHP&Ex&dxHP_equip/RE-dxHP_equip-spltSEER-18.7-SEER2-8.7-HSPF2/instance-out.sql,21638.32,676.7,406.93,1557.5,457.71,10338.53,0.0,121.03,0.0,0.0,0.0,0.0,8079.92,0.0,0.0,676.70,406.93,0.00,0.00,8268.27,2070.26
CZ07/SFm&1&rDXHP&Ex&dxHP_equip/RE-dxHP_equip-spltSEER-20.5-SEER2-9.1-HSPF2/instance-out.sql,21621.93,670.31,396.92,1557.5,457.71,10338.53,0.0,121.03,0.0,0.0,0.0,0.0,8079.92,0.0,0.0,670.31,396.92,0.00,0.00,8268.27,2070.26
CZ07/SFm&2&rDXHP&Ex&dxHP_equip/Pre-RE-HV-RoomAC-9.0E-ERheat/instance-out.sql,31734.18,2826.83,1777.83,1774.64,457.71,16701.91,0.0,123.49,0.0,0.0,0.0,0.0,8071.76,0.0,0.0,2826.83,1777.83,0.00,0.00,13440.28,3261.63
CZ07/SFm&2&rDXHP&Ex&dxHP_equip/Std-RE-HV-RoomAC-9.8E-ERheat/instance-out.sql,31591.71,2826.83,1635.35,1774.64,457.71,16701.91,0.0,123.49,0.0,0.0,0.0,0.0,8071.76,0.0,0.0,2826.83,1635.35,0.00,0.00,13440.28,3261.63
CZ07/SFm&2&rDXHP&Ex&dxHP_equip/RE-dxHP_equip-spltSEER-12.5-SEER2-6.4-HSPF2/instance-out.sql,30736.879999999997,1678.02,1336.92,1774.64,457.71,16701.91,0.0,715.95,0.0,0.0,0.0,0.0,8071.72,0.0,0.0,1678.02,1336.92,0.00,0.00,13440.28,3261.63
CZ07/SFm&2&rDXHP&Ex&dxHP_equip/RE-dxHP_equip-spltSEER-14.3-SEER2-7.5-HSPF2/instance-out.sql,30508.0,1553.01,1233.05,1774.64,457.71,16701.91,0.0,715.95,0.0,0.0,0.0,0.0,8071.72,0.0,0.0,1553.01,1233.05,0.00,0.00,13440.28,3261.63
CZ07/SFm&2&rDXHP&Ex&dxHP_equip/RE-dxHP_equip-spltSEER-16.0-SEER2-8.1-HSPF2/instance-out.sql,29618.11,1328.13,1028.89,1774.64,457.71,16701.91,0.0,255.07,0.0,0.0,0.0,0.0,8071.75,0.0,0.0,1328.13,1028.89,0.00,0.00,13440.28,3261.63
CZ07/SFm&2&rDXHP&Ex&dxHP_equip/RE-dxHP_equip-spltSEER-18.7-SEER2-8.7-HSPF2/instance-out.sql,29528.159999999996,1299.67,967.4,1774.64,457.71,16701.91,0.0,255.07,0.0,0.0,0.0,0.0,8071.75,0.0,0.0,1299.67,967.40,0.00,0.00,13440.28,3261.63
CZ07/SFm&2&rDXHP&Ex&dxHP_equip/RE-dxHP_equip-spltSEER-20.5-SEER2-9.1-HSPF2/instance-out.sql,29492.699999999997,1287.41,944.2,1774.64,457.71,16701.91,0.0,255.07,0.0,0.0,0.0,0.0,8071.75,0.0,0.0,1287.41,944.20,0.00,0.00,13440.28,3261.63
CZ08/SFm&1&rDXHP&Ex&dxHP_equip/Pre-RE-HV-RoomAC-9.0E-ERheat/instance-out.sql,24242.510000000002,1819.87,1963.74,1557.5,457.71,10338.53,0.0,104.81,0.0,0.0,0.0,0.0,8000.35,0.0,0.0,1819.87,1963.74,0.00,0.00,8268.27,2070.26
CZ08/SFm&1&rDXHP&Ex&dxHP_equip/Std-RE-HV-RoomAC-9.8E-ERheat/instance-out.sql,24085.13,1819.87,1806.36,1557.5,457.71,10338.53,0.0,104.81,0.0,0.0,0.0,0.0,8000.35,0.0,0.0,1819.87,1806.36,0.00,0.00,8268.27,2070.26
CZ08/SFm&1&rDXHP&Ex&dxHP_equip/RE-dxHP_equip-spltSEER-12.5-SEER2-6.4-HSPF2/instance-out.sql,23542.39,1096.73,1477.99,1557.5,457.71,10338.53,0.0,613.53,0.0,0.0,0.0,0.0,8000.4,0.0,0.0,1096.73,1477.99,0.00,0.00,8268.27,2070.26
CZ08/SFm&1&rDXHP&Ex&dxHP_equip/RE-dxHP_equip-spltSEER-14.3-SEER2-7.5-HSPF2/instance-out.sql,23349.71,1018.88,1363.16,1557.5,457.71,10338.53,0.0,613.53,0.0,0.0,0.0,0.0,8000.4,0.0,0.0,1018.88,1363.16,0.00,0.00,8268.27,2070.26
CZ08/SFm&1&rDXHP&Ex&dxHP_equip/RE-dxHP_equip-spltSEER-16.0-SEER2-8.1-HSPF2/instance-out.sql,22547.85,795.32,1178.7,1557.5,457.71,10338.53,0.0,219.86,0.0,0.0,0.0,0.0,8000.23,0.0,0.0,795.32,1178.70,0.00,0.00,8268.27,2070.26
CZ08/SFm&1&rDXHP&Ex&dxHP_equip/RE-dxHP_equip-spltSEER-18.7-SEER2-8.7-HSPF2/instance-out.sql,22455.989999999998,778.28,1103.88,1557.5,457.71,10338.53,0.0,219.86,0.0,0.0,0.0,0.0,8000.23,0.0,0.0,778.28,1103.88,0.00,0.00,8268.27,2070.26
CZ08/SFm&1&rDXHP&Ex&dxHP_equip/RE-dxHP_equip-spltSEER-20.5-SEER2-9.1-HSPF2/instance-out.sql,22420.42,770.94,1075.65,1557.5,457.71,10338.53,0.0,219.86,0.0,0.0,0.0,0.0,8000.23,0.0,0.0,770.94,1075.65,0.00,0.00,8268.27,2070.26
CZ08/SFm&2&rDXHP&Ex&dxHP_equip/Pre-RE-HV-RoomAC-9.0E-ERheat/instance-out.sql,35392.490000000005,3354.99,4873.84,1774.64,457.71,16701.91,0.0,231.19,0.0,0.0,0.0,0.0,7998.21,0.0,0.0,3354.99,4873.84,0.00,0.00,13440.28,3261.63
CZ08/SFm&2&rDXHP&Ex&dxHP_equip/Std-RE-HV-RoomAC-9.8E-ERheat/instance-out.sql,35001.91,3354.99,4483.25,1774.64,457.71,16701.91,0.0,231.19,0.0,0.0,0.0,0.0,7998.21,0.0,0.0,3354.99,4483.25,0.00,0.00,13440.28,3261.63
CZ08/SFm&2&rDXHP&Ex&dxHP_equip/RE-dxHP_equip-spltSEER-12.5-SEER2-6.4-HSPF2/instance-out.sql,33973.04,2005.03,3673.28,1774.64,457.71,16701.91,0.0,1362.23,0.0,0.0,0.0,0.0,7998.23,0.0,0.0,2005.03,3673.28,0.00,0.00,13440.28,3261.63
CZ08/SFm&2&rDXHP&Ex&dxHP_equip/RE-dxHP_equip-spltSEER-14.3-SEER2-7.5-HSPF2/instance-out.sql,33542.65,1860.03,3387.89,1774.64,457.71,16701.91,0.0,1362.23,0.0,0.0,0.0,0.0,7998.23,0.0,0.0,1860.03,3387.89,0.00,0.00,13440.28,3261.63
CZ08/SFm&2&rDXHP&Ex&dxHP_equip/RE-dxHP_equip-spltSEER-16.0-SEER2-8.1-HSPF2/instance-out.sql,31790.600000000002,1488.08,2881.78,1774.64,457.71,16701.91,0.0,488.24,0.0,0.0,0.0,0.0,7998.23,0.0,0.0,1488.08,2881.78,0.00,0.00,13440.28,3261.63
CZ08/SFm&2&rDXHP&Ex&dxHP_equip/RE-dxHP_equip-spltSEER-18.7-SEER2-8.7-HSPF2/instance-out.sql,31579.21,1456.2,2702.28,1774.64,457.71,16701.91,0.0,488.24,0.0,0.0,0.0,0.0,7998.23,0.0,0.0,1456.20,2702.28,0.00,0.00,13440.28,3261.63
CZ08/SFm&2&rDXHP&Ex&dxHP_equip/RE-dxHP_equip-spltSEER-20.5-SEER2-9.1-HSPF2/instance-out.sql,31497.74,1442.46,2634.55,1774.64,457.71,16701.91,0.0,488.24,0.0,0.0,0.0,0.0,7998.23,0.0,0.0,1442.46,2634.55,0.00,0.00,13440.28,3261.63
CZ09/SFm&1&rDXHP&Ex&dxHP_equip/Pre-RE-HV-RoomAC-9.0E-ERheat/instance-out.sql,25411.09,2635.08,2373.23,1557.5,457.71,10338.53,0.0,138.26,0.0,0.0,0.0,0.0,7910.78,0.0,0.0,2635.08,2373.23,0.00,0.00,8268.27,2070.26
CZ09/SFm&1&rDXHP&Ex&dxHP_equip/Std-RE-HV-RoomAC-9.8E-ERheat/instance-out.sql,25220.91,2635.08,2183.04,1557.5,457.71,10338.53,0.0,138.26,0.0,0.0,0.0,0.0,7910.78,0.0,0.0,2635.08,2183.04,0.00,0.00,8268.27,2070.26
CZ09/SFm&1&rDXHP&Ex&dxHP_equip/RE-dxHP_equip-spltSEER-12.5-SEER2-6.4-HSPF2/instance-out.sql,24459.31,1595.34,1792.36,1557.5,457.71,10338.53,0.0,807.09,0.0,0.0,0.0,0.0,7910.78,0.0,0.0,1595.34,1792.36,0.00,0.00,8268.27,2070.26
CZ09/SFm&1&rDXHP&Ex&dxHP_equip/RE-dxHP_equip-spltSEER-14.3-SEER2-7.5-HSPF2/instance-out.sql,24208.58,1483.86,1653.11,1557.5,457.71,10338.53,0.0,807.09,0.0,0.0,0.0,0.0,7910.78,0.0,0.0,1483.86,1653.11,0.00,0.00,8268.27,2070.26
CZ09/SFm&1&rDXHP&Ex&dxHP_equip/RE-dxHP_equip-spltSEER-16.0-SEER2-8.1-HSPF2/instance-out.sql,23150.22,1118.1,1429.06,1557.5,457.71,10338.53,0.0,338.48,0.0,0.0,0.0,0.0,7910.84,0.0,0.0,1118.10,1429.06,0.00,0.00,8268.27,2070.26
CZ09/SFm&1&rDXHP&Ex&dxHP_equip/RE-dxHP_equip-spltSEER-18.7-SEER2-8.7-HSPF2/instance-out.sql,23037.7,1094.14,1340.5,1557.5,457.71,10338.53,0.0,338.48,0.0,0.0,0.0,0.0,7910.84,0.0,0.0,1094.14,1340.50,0.00,0.00,8268.27,2070.26
CZ09/SFm&1&rDXHP&Ex&dxHP_equip/RE-dxHP_equip-spltSEER-20.5-SEER2-9.1-HSPF2/instance-out.sql,22993.96,1083.82,1307.08,1557.5,457.71,10338.53,0.0,338.48,0.0,0.0,0.0,0.0,7910.84,0.0,0.0,1083.82,1307.08,0.00,0.00,8268.27,2070.26
CZ09/SFm&2&rDXHP&Ex&dxHP_equip/Pre-RE-HV-RoomAC-9.0E-ERheat/instance-out.sql,37781.62,4851.35,5785.33,1774.64,457.71,16701.91,0.0,298.31,0.0,0.0,0.0,0.0,7912.36,0.0,0.0,4851.35,5785.33,0.00,0.00,13440.28,3261.63
CZ09/SFm&2&rDXHP&Ex&dxHP_equip/Std-RE-HV-RoomAC-9.8E-ERheat/instance-out.sql,37317.99,4851.35,5321.7,1774.64,457.71,16701.91,0.0,298.31,0.0,0.0,0.0,0.0,7912.36,0.0,0.0,4851.35,5321.70,0.00,0.00,13440.28,3261.63
CZ09/SFm&2&rDXHP&Ex&dxHP_equip/RE-dxHP_equip-spltSEER-12.5-SEER2-6.4-HSPF2/instance-out.sql,35890.58,2916.23,4374.8,1774.64,457.71,16701.91,0.0,1752.96,0.0,0.0,0.0,0.0,7912.32,0.0,0.0,2916.23,4374.80,0.00,0.00,13440.28,3261.63
CZ09/SFm&2&rDXHP&Ex&dxHP_equip/RE-dxHP_equip-spltSEER-14.3-SEER2-7.5-HSPF2/instance-out.sql,35343.72,2709.27,4034.91,1774.64,457.71,16701.91,0.0,1752.96,0.0,0.0,0.0,0.0,7912.32,0.0,0.0,2709.27,4034.91,0.00,0.00,13440.28,3261.63
CZ09/SFm&2&rDXHP&Ex&dxHP_equip/RE-dxHP_equip-spltSEER-16.0-SEER2-8.1-HSPF2/instance-out.sql,33146.95,2085.64,3472.28,1774.64,457.71,16701.91,0.0,742.3,0.0,0.0,0.0,0.0,7912.46,0.0,0.0,2085.64,3472.28,0.00,0.00,13440.28,3261.63
CZ09/SFm&2&rDXHP&Ex&dxHP_equip/RE-dxHP_equip-spltSEER-18.7-SEER2-8.7-HSPF2/instance-out.sql,32888.380000000005,2040.95,3258.39,1774.64,457.71,16701.91,0.0,742.3,0.0,0.0,0.0,0.0,7912.46,0.0,0.0,2040.95,3258.39,0.00,0.00,13440.28,3261.63
CZ09/SFm&2&rDXHP&Ex&dxHP_equip/RE-dxHP_equip-spltSEER-20.5-SEER2-9.1-HSPF2/instance-out.sql,32788.42,2021.7,3177.7,1774.64,457.71,16701.91,0.0,742.3,0.0,0.0,0.0,0.0,7912.46,0.0,0.0,2021.70,3177.70,0.00,0.00,13440.28,3261.63

File Name,Unmet Heating (Hours),Unmet Cooling (Hours)
CZ01/SFm&1&rDXHP&Ex&dxHP_equip/Pre-RE-HV-RoomAC-9.0E-ERheat/instance-out.sql,0.00,0.00
CZ01/SFm&1&rDXHP&Ex&dxHP_equip/Std-RE-HV-RoomAC-9.8E-ERheat/instance-out.sql,0.00,0.00
CZ01/SFm&1&rDXHP&Ex&dxHP_equip/RE-dxHP_equip-spltSEER-12.5-SEER2-6.4-HSPF2/instance-out.sql,0.00,0.00
CZ01/SFm&1&rDXHP&Ex&dxHP_equip/RE-dxHP_equip-spltSEER-14.3-SEER2-7.5-HSPF2/instance-out.sql,0.00,0.00
CZ01/SFm&1&rDXHP&Ex&dxHP_equip/RE-dxHP_equip-spltSEER-16.0-SEER2-8.1-HSPF2/instance-out.sql,0.00,0.00
CZ01/SFm&1&rDXHP&Ex&dxHP_equip/RE-dxHP_equip-spltSEER-18.7-SEER2-8.7-HSPF2/instance-out.sql,0.00,0.00
CZ01/SFm&1&rDXHP&Ex&dxHP_equip/RE-dxHP_equip-spltSEER-20.5-SEER2-9.1-HSPF2/instance-out.sql,0.00,0.00
CZ01/SFm&2&rDXHP&Ex&dxHP_equip/Pre-RE-HV-RoomAC-9.0E-ERheat/instance-out.sql,0.00,0.00
CZ01/SFm&2&rDXHP&Ex&dxHP_equip/Std-RE-HV-RoomAC-9.8E-ERheat/instance-out.sql,0.00,0.00
CZ01/SFm&2&rDXHP&Ex&dxHP_equip/RE-dxHP_equip-spltSEER-12.5-SEER2-6.4-HSPF2/instance-out.sql,0.00,0.00
CZ01/SFm&2&rDXHP&Ex&dxHP_equip/RE-dxHP_equip-spltSEER-14.3-SEER2-7.5-HSPF2/instance-out.sql,0.00,0.00
CZ01/SFm&2&rDXHP&Ex&dxHP_equip/RE-dxHP_equip-spltSEER-16.0-SEER2-8.1-HSPF2/instance-out.sql,0.00,0.00
CZ01/SFm&2&rDXHP&Ex&dxHP_equip/RE-dxHP_equip-spltSEER-18.7-SEER2-8.7-HSPF2/instance-out.sql,0.00,0.00
CZ01/SFm&2&rDXHP&Ex&dxHP_equip/RE-dxHP_equip-spltSEER-20.5-SEER2-9.1-HSPF2/instance-out.sql,0.00,0.00
CZ02/SFm&1&rDXHP&Ex&dxHP_equip/Pre-RE-HV-RoomAC-9.0E-ERheat/instance-out.sql,0.00,0.00
CZ02/SFm&1&rDXHP&Ex&dxHP_equip/Std-RE-HV-RoomAC-9.8E-ERheat/instance-out.sql,0.00,0.00
CZ02/SFm&1&rDXHP&Ex&dxHP_equip/RE-dxHP_equip-spltSEER-12.5-SEER2-6.4-HSPF2/instance-out.sql,0.00,0.00
CZ02/SFm&1&rDXHP&Ex&dxHP_equip/RE-dxHP_equip-spltSEER-14.3-SEER2-7.5-HSPF2/instance-out.sql,0.00,0.00
CZ02/SFm&1&rDXHP&Ex&dxHP_equip/RE-dxHP_equip-spltSEER-16.0-SEER2-8.1-HSPF2/instance-out.sql,0.00,0.00
CZ02/SFm&1&rDXHP&Ex&dxHP_equip/RE-dxHP_equip-spltSEER-18.7-SEER2-8.7-HSPF2/instance-out.sql,0.00,0.00
CZ02/SFm&1&rDXHP&Ex&dxHP_equip/RE-dxHP_equip-spltSEER-20.5-SEER2-9.1-HSPF2/instance-out.sql,0.00,0.00
CZ02/SFm&2&rDXHP&Ex&dxHP_equip/Pre-RE-HV-RoomAC-9.0E-ERheat/instance-out.sql,0.00,0.00
CZ02/SFm&2&rDXHP&Ex&dxHP_equip/Std-RE-HV-RoomAC-9.8E-ERheat/instance-out.sql,0.00,0.00
CZ02/SFm&2&rDXHP&Ex&dxHP_equip/RE-dxHP_equip-spltSEER-12.5-SEER2-6.4-HSPF2/instance-out.sql,0.00,0.00
CZ02/SFm&2&rDXHP&Ex&dxHP_equip/RE-dxHP_equip-spltSEER-14.3-SEER2-7.5-HSPF2/instance-out.sql,0.00,0.00
CZ02/SFm&2&rDXHP&Ex&dxHP_equip/RE-dxHP_equip-spltSEER-16.0-SEER2-8.1-HSPF2/instance-out.sql,0.00,0.00
CZ02/SFm&2&rDXHP&Ex&dxHP_equip/RE-dxHP_equip-spltSEER-18.7-SEER2-8.7-HSPF2/instance-out.sql,0.00,0.00
CZ02/SFm&2&rDXHP&Ex&dxHP_equip/RE-dxHP_equip-spltSEER-20.5-SEER2-9.1-HSPF2/instance-out.sql,0.00,0.00
CZ03/SFm&1&rDXHP&Ex&dxHP_equip/Pre-RE-HV-RoomAC-9.0E-ERheat/instance-out.sql,0.00,0.00
CZ03/SFm&1&rDXHP&Ex&dxHP_equip/Std-RE-HV-RoomAC-9.8E-ERheat/instance-out.sql,0.00,0.00
CZ03/SFm&1&rDXHP&Ex&dxHP_equip/RE-dxHP_equip-spltSEER-12.5-SEER2-6.4-HSPF2/instance-out.sql,0.00,0.00
CZ03/SFm&1&rDXHP&Ex&dxHP_equip/RE-dxHP_equip-spltSEER-14.3-SEER2-7.5-HSPF2/instance-out.sql,0.00,0.00
CZ03/SFm&1&rDXHP&Ex&dxHP_equip/RE-dxHP_equip-spltSEER-16.0-SEER2-8.1-HSPF2/instance-out.sql,0.00,0.00
CZ03/SFm&1&rDXHP&Ex&dxHP_equip/RE-dxHP_equip-spltSEER-18.7-SEER2-8.7-HSPF2/instance-out.sql,0.00,0.00
CZ03/SFm&1&rDXHP&Ex&dxHP_equip/RE-dxHP_equip-spltSEER-20.5-SEER2-9.1-HSPF2/instance-out.sql,0.00,0.00
CZ03/SFm&2&rDXHP&Ex&dxHP_equip/Pre-RE-HV-RoomAC-9.0E-ERheat/instance-out.sql,0.00,0.00
CZ03/SFm&2&rDXHP&Ex&dxHP_equip/Std-RE-HV-RoomAC-9.8E-ERheat/instance-out.sql,0.00,0.00
CZ03/SFm&2&rDXHP&Ex&dxHP_equip/RE-dxHP_equip-spltSEER-12.5-SEER2-6.4-HSPF2/instance-out.sql,0.00,0.00
CZ03/SFm&2&rDXHP&Ex&dxHP_equip/RE-dxHP_equip-spltSEER-14.3-SEER2-7.5-HSPF2/instance-out.sql,0.00,0.00
CZ03/SFm&2&rDXHP&Ex&dxHP_equip/RE-dxHP_equip-spltSEER-16.0-SEER2-8.1-HSPF2/instance-out.sql,0.00,0.00
CZ03/SFm&2&rDXHP&Ex&dxHP_equip/RE-dxHP_equip-spltSEER-18.7-SEER2-8.7-HSPF2/instance-out.sql,0.00,0.00
CZ03/SFm&2&rDXHP&Ex&dxHP_equip/RE-dxHP_equip-spltSEER-20.5-SEER2-9.1-HSPF2/instance-out.sql,0.00,0.00
CZ04/SFm&1&rDXHP&Ex&dxHP_equip/Pre-RE-HV-RoomAC-9.0E-ERheat/instance-out.sql,0.00,0.00
CZ04/SFm&1&rDXHP&Ex&dxHP_equip/Std-RE-HV-RoomAC-9.8E-ERheat/instance-out.sql,0.00,0.00
CZ04/SFm&1&rDXHP&Ex&dxHP_equip/RE-dxHP_equip-spltSEER-12.5-SEER2-6.4-HSPF2/instance-out.sql,0.00,0.00
CZ04/SFm&1&rDXHP&Ex&dxHP_equip/RE-dxHP_equip-spltSEER-14.3-SEER2-7.5-HSPF2/instance-out.sql,0.00,0.00
CZ04/SFm&1&rDXHP&Ex&dxHP_equip/RE-dxHP_equip-spltSEER-16.0-SEER2-8.1-HSPF2/instance-out.sql,0.00,0.00
CZ04/SFm&1&rDXHP&Ex&dxHP_equip/RE-dxHP_equip-spltSEER-18.7-SEER2-8.7-HSPF2/instance-out.sql,0.00,0.00
CZ04/SFm&1&rDXHP&Ex&dxHP_equip/RE-dxHP_equip-spltSEER-20.5-SEER2-9.1-HSPF2/instance-out.sql,0.00,0.00
CZ04/SFm&2&rDXHP&Ex&dxHP_equip/Pre-RE-HV-RoomAC-9.0E-ERheat/instance-out.sql,0.00,0.00
CZ04/SFm&2&rDXHP&Ex&dxHP_equip/Std-RE-HV-RoomAC-9.8E-ERheat/instance-out.sql,0.00,0.00
CZ04/SFm&2&rDXHP&Ex&dxHP_equip/RE-dxHP_equip-spltSEER-12.5-SEER2-6.4-HSPF2/instance-out.sql,0.00,0.00
CZ04/SFm&2&rDXHP&Ex&dxHP_equip/RE-dxHP_equip-spltSEER-14.3-SEER2-7.5-HSPF2/instance-out.sql,0.00,0.00
CZ04/SFm&2&rDXHP&Ex&dxHP_equip/RE-dxHP_equip-spltSEER-16.0-SEER2-8.1-HSPF2/instance-out.sql,0.00,0.00
CZ04/SFm&2&rDXHP&Ex&dxHP_equip/RE-dxHP_equip-spltSEER-18.7-SEER2-8.7-HSPF2/instance-out.sql,0.00,0.00
CZ04/SFm&2&rDXHP&Ex&dxHP_equip/RE-dxHP_equip-spltSEER-20.5-SEER2-9.1-HSPF2/instance-out.sql,0.00,0.00
CZ05/SFm&1&rDXHP&Ex&dxHP_equip/Pre-RE-HV-RoomAC-9.0E-ERheat/instance-out.sql,0.00,0.00
CZ05/SFm&1&rDXHP&Ex&dxHP_equip/Std-RE-HV-RoomAC-9.8E-ERheat/instance-out.sql,0.00,0.00
CZ05/SFm&1&rDXHP&Ex&dxHP_equip/RE-dxHP_equip-spltSEER-12.5-SEER2-6.4-HSPF2/instance-out.sql,0.00,0.00
CZ05/SFm&1&rDXHP&Ex&dxHP_equip/RE-dxHP_equip-spltSEER-14.3-SEER2-7.5-HSPF2/instance-out.sql,0.00,0.00
CZ05/SFm&1&rDXHP&Ex&dxHP_equip/RE-dxHP_equip-spltSEER-16.0-SEER2-8.1-HSPF2/instance-out.sql,0.00,0.00
CZ05/SFm&1&rDXHP&Ex&dxHP_equip/RE-dxHP_equip-spltSEER-18.7-SEER2-8.7-HSPF2/instance-out.sql,0.00,0.00
CZ05/SFm&1&rDXHP&Ex&dxHP_equip/RE-dxHP_equip-spltSEER-20.5-SEER2-9.1-HSPF2/instance-out.sql,0.00,0.00
CZ05/SFm&2&rDXHP&Ex&dxHP_equip/Pre-RE-HV-RoomAC-9.0E-ERheat/instance-out.sql,0.00,0.00
CZ05/SFm&2&rDXHP&Ex&dxHP_equip/Std-RE-HV-RoomAC-9.8E-ERheat/instance-out.sql,0.00,0.00
CZ05/SFm&2&rDXHP&Ex&dxHP_equip/RE-dxHP_equip-spltSEER-12.5-SEER2-6.4-HSPF2/instance-out.sql,0.00,0.00
CZ05/SFm&2&rDXHP&Ex&dxHP_equip/RE-dxHP_equip-spltSEER-14.3-SEER2-7.5-HSPF2/instance-out.sql,0.00,0.00
CZ05/SFm&2&rDXHP&Ex&dxHP_equip/RE-dxHP_equip-spltSEER-16.0-SEER2-8.1-HSPF2/instance-out.sql,0.00,0.00
CZ05/SFm&2&rDXHP&Ex&dxHP_equip/RE-dxHP_equip-spltSEER-18.7-SEER2-8.7-HSPF2/instance-out.sql,0.00,0.00
CZ05/SFm&2&rDXHP&Ex&dxHP_equip/RE-dxHP_equip-spltSEER-20.5-SEER2-9.1-HSPF2/instance-out.sql,0.00,0.00
CZ06/SFm&1&rDXHP&Ex&dxHP_equip/Pre-RE-HV-RoomAC-9.0E-ERheat/instance-out.sql,0.00,0.00
CZ06/SFm&1&rDXHP&Ex&dxHP_equip/Std-RE-HV-RoomAC-9.8E-ERheat/instance-out.sql,0.00,0.00
CZ06/SFm&1&rDXHP&Ex&dxHP_equip/RE-dxHP_equip-spltSEER-12.5-SEER2-6.4-HSPF2/instance-out.sql,0.00,0.00
CZ06/SFm&1&rDXHP&Ex&dxHP_equip/RE-dxHP_equip-spltSEER-14.3-SEER2-7.5-HSPF2/instance-out.sql,0.00,0.00
CZ06/SFm&1&rDXHP&Ex&dxHP_equip/RE-dxHP_equip-spltSEER-16.0-SEER2-8.1-HSPF2/instance-out.sql,0.00,0.00
CZ06/SFm&1&rDXHP&Ex&dxHP_equip/RE-dxHP_equip-spltSEER-18.7-SEER2-8.7-HSPF2/instance-out.sql,0.00,0.00
CZ06/SFm&1&rDXHP&Ex&dxHP_equip/RE-dxHP_equip-spltSEER-20.5-SEER2-9.1-HSPF2/instance-out.sql,0.00,0.00
CZ06/SFm&2&rDXHP&Ex&dxHP_equip/Pre-RE-HV-RoomAC-9.0E-ERheat/instance-out.sql,0.00,0.00
CZ06/SFm&2&rDXHP&Ex&dxHP_equip/Std-RE-HV-RoomAC-9.8E-ERheat/instance-out.sql,0.00,0.00
CZ06/SFm&2&rDXHP&Ex&dxHP_equip/RE-dxHP_equip-spltSEER-12.5-SEER2-6.4-HSPF2/instance-out.sql,0.00,0.00
CZ06/SFm&2&rDXHP&Ex&dxHP_equip/RE-dxHP_equip-spltSEER-14.3-SEER2-7.5-HSPF2/instance-out.sql,0.00,0.00
CZ06/SFm&2&rDXHP&Ex&dxHP_equip/RE-dxHP_equip-spltSEER-16.0-SEER2-8.1-HSPF2/instance-out.sql,0.00,0.00
CZ06/SFm&2&rDXHP&Ex&dxHP_equip/RE-dxHP_equip-spltSEER-18.7-SEER2-8.7-HSPF2/instance-out.sql,0.00,0.00
CZ06/SFm&2&rDXHP&Ex&dxHP_equip/RE-dxHP_equip-spltSEER-20.5-SEER2-9.1-HSPF2/instance-out.sql,0.00,0.00
CZ07/SFm&1&rDXHP&Ex&dxHP_equip/Pre-RE-HV-RoomAC-9.0E-ERheat/instance-out.sql,0.00,0.00
CZ07/SFm&1&rDXHP&Ex&dxHP_equip/Std-RE-HV-RoomAC-9.8E-ERheat/instance-out.sql,0.00,0.00
CZ07/SFm&1&rDXHP&Ex&dxHP_equip/RE-dxHP_equip-spltSEER-12.5-SEER2-6.4-HSPF2/instance-out.sql,0.00,0.00
CZ07/SFm&1&rDXHP&Ex&dxHP_equip/RE-dxHP_equip-spltSEER-14.3-SEER2-7.5-HSPF2/instance-out.sql,0.00,0.00
CZ07/SFm&1&rDXHP&Ex&dxHP_equip/RE-dxHP_equip-spltSEER-16.0-SEER2-8.1-HSPF2/instance-out.sql,0.00,0.00
CZ07/SFm&1&rDXHP&Ex&dxHP_equip/RE-dxHP_equip-spltSEER-18.7-SEER2-8.7-HSPF2/instance-out.sql,0.00,0.00
CZ07/SFm&1&rDXHP&Ex&dxHP_equip/RE-dxHP_equip-spltSEER-20.5-SEER2-9.1-HSPF2/instance-out.sql,0.00,0.00
CZ07/SFm&2&rDXHP&Ex&dxHP_equip/Pre-RE-HV-RoomAC-9.0E-ERheat/instance-out.sql,0.00,0.00
CZ07/SFm&2&rDXHP&Ex&dxHP_equip/Std-RE-HV-RoomAC-9.8E-ERheat/instance-out.sql,0.00,0.00
CZ07/SFm&2&rDXHP&Ex&dxHP_equip/RE-dxHP_equip-spltSEER-12.5-SEER2-6.4-HSPF2/instance-out.sql,0.00,0.00
CZ07/SFm&2&rDXHP&Ex&dxHP_equip/RE-dxHP_equip-spltSEER-14.3-SEER2-7.5-HSPF2/instance-out.sql,0.00,0.00
CZ07/SFm&2&rDXHP&Ex&dxHP_equip/RE-dxHP_equip-spltSEER-16.0-SEER2-8.1-HSPF2/instance-out.sql,0.00,0.00
CZ07/SFm&2&rDXHP&Ex&dxHP_equip/RE-dxHP_equip-spltSEER-18.7-SEER2-8.7-HSPF2/instance-out.sql,0.00,0.00
CZ07/SFm&2&rDXHP&Ex&dxHP_equip/RE-dxHP_equip-spltSEER-20.5-SEER2-9.1-HSPF2/instance-out.sql,0.00,0.00
CZ08/SFm&1&rDXHP&Ex&dxHP_equip/Pre-RE-HV-RoomAC-9.0E-ERheat/instance-out.sql,0.00,0.00
CZ08/SFm&1&rDXHP&Ex&dxHP_equip/Std-RE-HV-RoomAC-9.8E-ERheat/instance-out.sql,0.00,0.00
CZ08/SFm&1&rDXHP&Ex&dxHP_equip/RE-dxHP_equip-spltSEER-12.5-SEER2-6.4-HSPF2/instance-out.sql,0.00,0.00
CZ08/SFm&1&rDXHP&Ex&dxHP_equip/RE-dxHP_equip-spltSEER-14.3-SEER2-7.5-HSPF2/instance-out.sql,0.00,0.00
CZ08/SFm&1&rDXHP&Ex&dxHP_equip/RE-dxHP_equip-spltSEER-16.0-SEER2-8.1-HSPF2/instance-out.sql,0.00,0.00
CZ08/SFm&1&rDXHP&Ex&dxHP_equip/RE-dxHP_equip-spltSEER-18.7-SEER2-8.7-HSPF2/instance-out.sql,0.00,0.00
CZ08/SFm&1&rDXHP&Ex&dxHP_equip/RE-dxHP_equip-spltSEER-20.5-SEER2-9.1-HSPF2/instance-out.sql,0.00,0.00
CZ08/SFm&2&rDXHP&Ex&dxHP_equip/Pre-RE-HV-RoomAC-9.0E-ERheat/instance-out.sql,0.00,0.00
CZ08/SFm&2&rDXHP&Ex&dxHP_equip/Std-RE-HV-RoomAC-9.8E-ERheat/instance-out.sql,0.00,0.00
CZ08/SFm&2&rDXHP&Ex&dxHP_equip/RE-dxHP_equip-spltSEER-12.5-SEER2-6.4-HSPF2/instance-out.sql,0.00,0.00
CZ08/SFm&2&rDXHP&Ex&dxHP_equip/RE-dxHP_equip-spltSEER-14.3-SEER2-7.5-HSPF2/instance-out.sql,0.00,0.00
CZ08/SFm&2&rDXHP&Ex&dxHP_equip/RE-dxHP_equip-spltSEER-16.0-SEER2-8.1-HSPF2/instance-out.sql,0.00,0.00
CZ08/SFm&2&rDXHP&Ex&dxHP_equip/RE-dxHP_equip-spltSEER-18.7-SEER2-8.7-HSPF2/instance-out.sql,0.00,0.00
CZ08/SFm&2&rDXHP&Ex&dxHP_equip/RE-dxHP_equip-spltSEER-20.5-SEER2-9.1-HSPF2/instance-out.sql,0.00,0.00
CZ09/SFm&1&rDXHP&Ex&dxHP_equip/Pre-RE-HV-RoomAC-9.0E-ERheat/instance-out.sql,0.00,0.00
CZ09/SFm&1&rDXHP&Ex&dxHP_equip/Std-RE-HV-RoomAC-9.8E-ERheat/instance-out.sql,0.00,0.00
CZ09/SFm&1&rDXHP&Ex&dxHP_equip/RE-dxHP_equip-spltSEER-12.5-SEER2-6.4-HSPF2/instance-out.sql,0.00,0.00
CZ09/SFm&1&rDXHP&Ex&dxHP_equip/RE-dxHP_equip-spltSEER-14.3-SEER2-7.5-HSPF2/instance-out.sql,0.00,0.00
CZ09/SFm&1&rDXHP&Ex&dxHP_equip/RE-dxHP_equip-spltSEER-16.0-SEER2-8.1-HSPF2/instance-out.sql,0.00,0.00
CZ09/SFm&1&rDXHP&Ex&dxHP_equip/RE-dxHP_equip-spltSEER-18.7-SEER2-8.7-HSPF2/instance-out.sql,0.00,0.00
CZ09/SFm&1&rDXHP&Ex&dxHP_equip/RE-dxHP_equip-spltSEER-20.5-SEER2-9.1-HSPF2/instance-out.sql,0.00,0.00
CZ09/SFm&2&rDXHP&Ex&dxHP_equip/Pre-RE-HV-RoomAC-9.0E-ERheat/instance-out.sql,0.00,0.00
CZ09/SFm&2&rDXHP&Ex&dxHP_equip/Std-RE-HV-RoomAC-9.8E-ERheat/instance-out.sql,0.00,0.00
CZ09/SFm&2&rDXHP&Ex&dxHP_equip/RE-dxHP_equip-spltSEER-12.5-SEER2-6.4-HSPF2/instance-out.sql,0.00,0.00
CZ09/SFm&2&rDXHP&Ex&dxHP_equip/RE-dxHP_equip-spltSEER-14.3-SEER2-7.5-HSPF2/instance-out.sql,0.00,0.00
CZ09/SFm&2&rDXHP&Ex&dxHP_equip/RE-dxHP_equip-spltSEER-16.0-SEER2-8.1-HSPF2/instance-out.sql,0.00,0.00
CZ09/SFm&2&rDXHP&Ex&dxHP_equip/RE-dxHP_equip-spltSEER-18.7-SEER2-8.7-HSPF2/instance-out.sql,0.00,0.00
CZ09/SFm&2&rDXHP&Ex&dxHP_equip/RE-dxHP_equip-spltSEER-20.5-SEER2-9.1-HSPF2/instance-out.sql,0.00,0.00

