File Name,Net Site EUI (kWh/m2),Net Site Energy (kWh),Net Source EUI (kWh/m2),Net Source Energy (kWh)
CZ01/MFm&0&rDXHP&Ex&dxHP_equip/RE-dxHP_eq-pkgSEER-12.5-SEER2-6.4-HSPF2/instance-out.sql,48.58,249542.91,87.22,448052.48
CZ01/MFm&0&rDXHP&Ex&dxHP_equip/RE-dxHP_eq-pkgSEER-14.3-SEER2-7.5-HSPF2/instance-out.sql,48.50,249135.42,86.97,446761.94
CZ01/MFm&0&rDXHP&Ex&dxHP_equip/RE-dxHP_eq-pkgSEER-16.0-SEER2-8.0-HSPF2/instance-out.sql,48.29,248060.16,86.30,443354.00
CZ01/MFm&0&rDXHP&Ex&dxHP_equip/RE-dxHP_eq-pkgSEER-17.8-SEER2-8.1-HSPF2/instance-out.sql,48.28,247998.67,86.27,443159.24
CZ01/MFm&0&rDXHP&Ex&dxHP_equip/RE-dxHP_eq-pkgSEER-18.7-SEER2-8.5-HSPF2/instance-out.sql,48.26,247926.47,86.22,442930.61
CZ01/MFm&0&rDXHP&Ex&dxHP_equip/RE-dxHP_eq-pkgSEER-19.6-SEER2-8.9-HSPF2/instance-out.sql,48.25,247867.36,86.18,442743.38
CZ02/MFm&0&rDXHP&Ex&dxHP_equip/RE-dxHP_eq-pkgSEER-12.5-SEER2-6.4-HSPF2/instance-out.sql,49.80,255841.98,92.57,475531.81
CZ02/MFm&0&rDXHP&Ex&dxHP_equip/RE-dxHP_eq-pkgSEER-14.3-SEER2-7.5-HSPF2/instance-out.sql,49.60,254781.38,91.91,472172.89
CZ02/MFm&0&rDXHP&Ex&dxHP_equip/RE-dxHP_eq-pkgSEER-16.0-SEER2-8.0-HSPF2/instance-out.sql,49.04,251945.58,90.17,463200.95
CZ02/MFm&0&rDXHP&Ex&dxHP_equip/RE-dxHP_eq-pkgSEER-17.8-SEER2-8.1-HSPF2/instance-out.sql,48.99,251690.14,90.01,462391.96
CZ02/MFm&0&rDXHP&Ex&dxHP_equip/RE-dxHP_eq-pkgSEER-18.7-SEER2-8.5-HSPF2/instance-out.sql,48.96,251505.35,89.90,461806.73
CZ02/MFm&0&rDXHP&Ex&dxHP_equip/RE-dxHP_eq-pkgSEER-19.6-SEER2-8.9-HSPF2/instance-out.sql,48.93,251352.80,89.80,461323.60
CZ03/MFm&0&rDXHP&Ex&dxHP_equip/RE-dxHP_eq-pkgSEER-12.5-SEER2-6.4-HSPF2/instance-out.sql,50.23,258043.16,93.69,481324.59
CZ03/MFm&0&rDXHP&Ex&dxHP_equip/RE-dxHP_eq-pkgSEER-14.3-SEER2-7.5-HSPF2/instance-out.sql,49.98,256767.13,92.91,477283.42
CZ03/MFm&0&rDXHP&Ex&dxHP_equip/RE-dxHP_eq-pkgSEER-16.0-SEER2-8.0-HSPF2/instance-out.sql,49.29,253198.48,90.71,465990.52
CZ03/MFm&0&rDXHP&Ex&dxHP_equip/RE-dxHP_eq-pkgSEER-17.8-SEER2-8.1-HSPF2/instance-out.sql,49.22,252874.85,90.51,464965.58
CZ03/MFm&0&rDXHP&Ex&dxHP_equip/RE-dxHP_eq-pkgSEER-18.7-SEER2-8.5-HSPF2/instance-out.sql,49.18,252654.42,90.37,464267.49
CZ03/MFm&0&rDXHP&Ex&dxHP_equip/RE-dxHP_eq-pkgSEER-19.6-SEER2-8.9-HSPF2/instance-out.sql,49.15,252472.41,90.26,463691.07
CZ04/MFm&0&rDXHP&Ex&dxHP_equip/RE-dxHP_eq-pkgSEER-12.5-SEER2-6.4-HSPF2/instance-out.sql,52.84,271436.52,102.89,528566.71
CZ04/MFm&0&rDXHP&Ex&dxHP_equip/RE-dxHP_eq-pkgSEER-14.3-SEER2-7.5-HSPF2/instance-out.sql,52.42,269286.14,101.57,521756.44
CZ04/MFm&0&rDXHP&Ex&dxHP_equip/RE-dxHP_eq-pkgSEER-16.0-SEER2-8.0-HSPF2/instance-out.sql,51.28,263414.72,97.95,503184.45
CZ04/MFm&0&rDXHP&Ex&dxHP_equip/RE-dxHP_eq-pkgSEER-17.8-SEER2-8.1-HSPF2/instance-out.sql,51.16,262820.76,97.58,501303.37
CZ04/MFm&0&rDXHP&Ex&dxHP_equip/RE-dxHP_eq-pkgSEER-18.7-SEER2-8.5-HSPF2/instance-out.sql,51.09,262449.62,97.35,500127.97
CZ04/MFm&0&rDXHP&Ex&dxHP_equip/RE-dxHP_eq-pkgSEER-19.6-SEER2-8.9-HSPF2/instance-out.sql,51.03,262142.38,97.17,499154.96
CZ05/MFm&0&rDXHP&Ex&dxHP_equip/RE-dxHP_eq-pkgSEER-12.5-SEER2-6.4-HSPF2/instance-out.sql,50.20,257877.05,93.71,481388.69
CZ05/MFm&0&rDXHP&Ex&dxHP_equip/RE-dxHP_eq-pkgSEER-14.3-SEER2-7.5-HSPF2/instance-out.sql,49.96,256630.37,92.94,477440.44
CZ05/MFm&0&rDXHP&Ex&dxHP_equip/RE-dxHP_eq-pkgSEER-16.0-SEER2-8.0-HSPF2/instance-out.sql,49.29,253192.53,90.82,466562.11
CZ05/MFm&0&rDXHP&Ex&dxHP_equip/RE-dxHP_eq-pkgSEER-17.8-SEER2-8.1-HSPF2/instance-out.sql,49.23,252893.14,90.64,465613.93
CZ05/MFm&0&rDXHP&Ex&dxHP_equip/RE-dxHP_eq-pkgSEER-18.7-SEER2-8.5-HSPF2/instance-out.sql,49.19,252676.20,90.50,464926.88
CZ05/MFm&0&rDXHP&Ex&dxHP_equip/RE-dxHP_eq-pkgSEER-19.6-SEER2-8.9-HSPF2/instance-out.sql,49.15,252496.99,90.39,464359.32
CZ06/MFm&0&rDXHP&Ex&dxHP_equip/RE-dxHP_eq-pkgSEER-12.5-SEER2-6.4-HSPF2/instance-out.sql,48.98,251621.35,90.63,465591.57
CZ06/MFm&0&rDXHP&Ex&dxHP_equip/RE-dxHP_eq-pkgSEER-14.3-SEER2-7.5-HSPF2/instance-out.sql,48.77,250519.83,89.95,462103.06
CZ06/MFm&0&rDXHP&Ex&dxHP_equip/RE-dxHP_eq-pkgSEER-16.0-SEER2-8.0-HSPF2/instance-out.sql,48.16,247397.64,88.03,452224.65
CZ06/MFm&0&rDXHP&Ex&dxHP_equip/RE-dxHP_eq-pkgSEER-17.8-SEER2-8.1-HSPF2/instance-out.sql,48.09,247038.33,87.81,451086.72
CZ06/MFm&0&rDXHP&Ex&dxHP_equip/RE-dxHP_eq-pkgSEER-18.7-SEER2-8.5-HSPF2/instance-out.sql,48.05,246847.91,87.69,450483.65
CZ06/MFm&0&rDXHP&Ex&dxHP_equip/RE-dxHP_eq-pkgSEER-19.6-SEER2-8.9-HSPF2/instance-out.sql,48.02,246689.25,87.59,449981.17
CZ07/MFm&0&rDXHP&Ex&dxHP_equip/RE-dxHP_eq-pkgSEER-12.5-SEER2-6.4-HSPF2/instance-out.sql,48.18,247518.53,88.30,453599.40
CZ07/MFm&0&rDXHP&Ex&dxHP_equip/RE-dxHP_eq-pkgSEER-14.3-SEER2-7.5-HSPF2/instance-out.sql,48.01,246636.71,87.75,450806.67
CZ07/MFm&0&rDXHP&Ex&dxHP_equip/RE-dxHP_eq-pkgSEER-16.0-SEER2-8.0-HSPF2/instance-out.sql,47.53,244155.32,86.23,442956.25
CZ07/MFm&0&rDXHP&Ex&dxHP_equip/RE-dxHP_eq-pkgSEER-17.8-SEER2-8.1-HSPF2/instance-out.sql,47.47,243868.41,86.05,442047.60
CZ07/MFm&0&rDXHP&Ex&dxHP_equip/RE-dxHP_eq-pkgSEER-18.7-SEER2-8.5-HSPF2/instance-out.sql,47.44,243715.66,85.95,441563.84
CZ07/MFm&0&rDXHP&Ex&dxHP_equip/RE-dxHP_eq-pkgSEER-19.6-SEER2-8.9-HSPF2/instance-out.sql,47.42,243588.60,85.88,441161.44
CZ08/MFm&0&rDXHP&Ex&dxHP_equip/RE-dxHP_eq-pkgSEER-12.5-SEER2-6.4-HSPF2/instance-out.sql,51.19,262953.78,98.15,504201.92
CZ08/MFm&0&rDXHP&Ex&dxHP_equip/RE-dxHP_eq-pkgSEER-14.3-SEER2-7.5-HSPF2/instance-out.sql,50.82,261069.09,96.99,498233.09
CZ08/MFm&0&rDXHP&Ex&dxHP_equip/RE-dxHP_eq-pkgSEER-16.0-SEER2-8.0-HSPF2/instance-out.sql,49.69,255279.26,93.42,479926.05
CZ08/MFm&0&rDXHP&Ex&dxHP_equip/RE-dxHP_eq-pkgSEER-17.8-SEER2-8.1-HSPF2/instance-out.sql,49.55,254532.27,92.96,477560.34
CZ08/MFm&0&rDXHP&Ex&dxHP_equip/RE-dxHP_eq-pkgSEER-18.7-SEER2-8.5-HSPF2/instance-out.sql,49.48,254210.38,92.76,476540.91
CZ08/MFm&0&rDXHP&Ex&dxHP_equip/RE-dxHP_eq-pkgSEER-19.6-SEER2-8.9-HSPF2/instance-out.sql,49.43,253940.89,92.60,475687.44
CZ09/MFm&0&rDXHP&Ex&dxHP_equip/RE-dxHP_eq-pkgSEER-12.5-SEER2-6.4-HSPF2/instance-out.sql,52.15,267879.50,101.25,520137.30
CZ09/MFm&0&rDXHP&Ex&dxHP_equip/RE-dxHP_eq-pkgSEER-14.3-SEER2-7.5-HSPF2/instance-out.sql,51.72,265692.27,99.90,513210.33
CZ09/MFm&0&rDXHP&Ex&dxHP_equip/RE-dxHP_eq-pkgSEER-16.0-SEER2-8.0-HSPF2/instance-out.sql,50.50,259406.60,96.03,493331.36
CZ09/MFm&0&rDXHP&Ex&dxHP_equip/RE-dxHP_eq-pkgSEER-17.8-SEER2-8.1-HSPF2/instance-out.sql,50.35,258649.88,95.57,490934.83
CZ09/MFm&0&rDXHP&Ex&dxHP_equip/RE-dxHP_eq-pkgSEER-18.7-SEER2-8.5-HSPF2/instance-out.sql,50.28,258274.40,95.33,489745.69
CZ09/MFm&0&rDXHP&Ex&dxHP_equip/RE-dxHP_eq-pkgSEER-19.6-SEER2-8.9-HSPF2/instance-out.sql,50.21,257961.37,95.14,488754.31
CZ10/MFm&0&rDXHP&Ex&dxHP_equip/RE-dxHP_eq-pkgSEER-12.5-SEER2-6.4-HSPF2/instance-out.sql,51.07,262349.21,97.86,502725.72
CZ10/MFm&0&rDXHP&Ex&dxHP_equip/RE-dxHP_eq-pkgSEER-14.3-SEER2-7.5-HSPF2/instance-out.sql,50.71,260490.92,96.71,496840.49
CZ10/MFm&0&rDXHP&Ex&dxHP_equip/RE-dxHP_eq-pkgSEER-16.0-SEER2-8.0-HSPF2/instance-out.sql,49.64,255004.58,93.34,479489.85
CZ10/MFm&0&rDXHP&Ex&dxHP_equip/RE-dxHP_eq-pkgSEER-17.8-SEER2-8.1-HSPF2/instance-out.sql,49.49,254252.86,92.87,477109.17
CZ10/MFm&0&rDXHP&Ex&dxHP_equip/RE-dxHP_eq-pkgSEER-18.7-SEER2-8.5-HSPF2/instance-out.sql,49.43,253935.32,92.68,476103.52
CZ10/MFm&0&rDXHP&Ex&dxHP_equip/RE-dxHP_eq-pkgSEER-19.6-SEER2-8.9-HSPF2/instance-out.sql,49.38,253668.93,92.51,475259.86
CZ11/MFm&0&rDXHP&Ex&dxHP_equip/RE-dxHP_eq-pkgSEER-12.5-SEER2-6.4-HSPF2/instance-out.sql,54.20,278433.64,107.10,550208.27
CZ11/MFm&0&rDXHP&Ex&dxHP_equip/RE-dxHP_eq-pkgSEER-14.3-SEER2-7.5-HSPF2/instance-out.sql,53.68,275749.35,105.45,541707.12
CZ11/MFm&0&rDXHP&Ex&dxHP_equip/RE-dxHP_eq-pkgSEER-16.0-SEER2-8.0-HSPF2/instance-out.sql,52.12,267766.88,100.54,516465.87
CZ11/MFm&0&rDXHP&Ex&dxHP_equip/RE-dxHP_eq-pkgSEER-17.8-SEER2-8.1-HSPF2/instance-out.sql,51.92,266728.14,99.89,513176.18
CZ11/MFm&0&rDXHP&Ex&dxHP_equip/RE-dxHP_eq-pkgSEER-18.7-SEER2-8.5-HSPF2/instance-out.sql,51.83,266271.64,99.61,511730.46
CZ11/MFm&0&rDXHP&Ex&dxHP_equip/RE-dxHP_eq-pkgSEER-19.6-SEER2-8.9-HSPF2/instance-out.sql,51.76,265890.08,99.38,510522.05
CZ12/MFm&0&rDXHP&Ex&dxHP_equip/RE-dxHP_eq-pkgSEER-12.5-SEER2-6.4-HSPF2/instance-out.sql,50.56,259739.11,95.58,491027.48
CZ12/MFm&0&rDXHP&Ex&dxHP_equip/RE-dxHP_eq-pkgSEER-14.3-SEER2-7.5-HSPF2/instance-out.sql,50.27,258265.92,94.68,486361.91
CZ12/MFm&0&rDXHP&Ex&dxHP_equip/RE-dxHP_eq-pkgSEER-16.0-SEER2-8.0-HSPF2/instance-out.sql,49.48,254163.63,92.15,473386.21
CZ12/MFm&0&rDXHP&Ex&dxHP_equip/RE-dxHP_eq-pkgSEER-17.8-SEER2-8.1-HSPF2/instance-out.sql,49.38,253681.29,91.85,471858.64
CZ12/MFm&0&rDXHP&Ex&dxHP_equip/RE-dxHP_eq-pkgSEER-18.7-SEER2-8.5-HSPF2/instance-out.sql,49.33,253426.69,91.69,471052.33
CZ12/MFm&0&rDXHP&Ex&dxHP_equip/RE-dxHP_eq-pkgSEER-19.6-SEER2-8.9-HSPF2/instance-out.sql,49.29,253214.48,91.56,470380.25
CZ13/MFm&0&rDXHP&Ex&dxHP_equip/RE-dxHP_eq-pkgSEER-12.5-SEER2-6.4-HSPF2/instance-out.sql,56.88,292181.46,115.94,595588.04
CZ13/MFm&0&rDXHP&Ex&dxHP_equip/RE-dxHP_eq-pkgSEER-14.3-SEER2-7.5-HSPF2/instance-out.sql,56.17,288548.88,113.70,584083.66
CZ13/MFm&0&rDXHP&Ex&dxHP_equip/RE-dxHP_eq-pkgSEER-16.0-SEER2-8.0-HSPF2/instance-out.sql,54.10,277912.91,107.15,550448.52
CZ13/MFm&0&rDXHP&Ex&dxHP_equip/RE-dxHP_eq-pkgSEER-17.8-SEER2-8.1-HSPF2/instance-out.sql,53.84,276559.54,106.32,546162.37
CZ13/MFm&0&rDXHP&Ex&dxHP_equip/RE-dxHP_eq-pkgSEER-18.7-SEER2-8.5-HSPF2/instance-out.sql,53.71,275940.36,105.93,544201.44
CZ13/MFm&0&rDXHP&Ex&dxHP_equip/RE-dxHP_eq-pkgSEER-19.6-SEER2-8.9-HSPF2/instance-out.sql,53.61,275423.49,105.62,542564.51
CZ14/MFm&0&rDXHP&Ex&dxHP_equip/RE-dxHP_eq-pkgSEER-12.5-SEER2-6.4-HSPF2/instance-out.sql,53.56,275136.08,105.55,542243.17
CZ14/MFm&0&rDXHP&Ex&dxHP_equip/RE-dxHP_eq-pkgSEER-14.3-SEER2-7.5-HSPF2/instance-out.sql,53.08,272672.95,104.03,534442.45
CZ14/MFm&0&rDXHP&Ex&dxHP_equip/RE-dxHP_eq-pkgSEER-16.0-SEER2-8.0-HSPF2/instance-out.sql,51.72,265694.75,99.74,512361.66
CZ14/MFm&0&rDXHP&Ex&dxHP_equip/RE-dxHP_eq-pkgSEER-17.8-SEER2-8.1-HSPF2/instance-out.sql,51.56,264866.66,99.23,509739.10
CZ14/MFm&0&rDXHP&Ex&dxHP_equip/RE-dxHP_eq-pkgSEER-18.7-SEER2-8.5-HSPF2/instance-out.sql,51.48,264441.23,98.96,508391.79
CZ14/MFm&0&rDXHP&Ex&dxHP_equip/RE-dxHP_eq-pkgSEER-19.6-SEER2-8.9-HSPF2/instance-out.sql,51.41,264086.31,98.74,507267.75
CZ15/MFm&0&rDXHP&Ex&dxHP_equip/RE-dxHP_eq-pkgSEER-12.5-SEER2-6.4-HSPF2/instance-out.sql,60.17,309108.03,127.54,655205.05
CZ15/MFm&0&rDXHP&Ex&dxHP_equip/RE-dxHP_eq-pkgSEER-14.3-SEER2-7.5-HSPF2/instance-out.sql,59.17,303970.76,124.38,638935.33
CZ15/MFm&0&rDXHP&Ex&dxHP_equip/RE-dxHP_eq-pkgSEER-16.0-SEER2-8.0-HSPF2/instance-out.sql,56.13,288342.33,114.75,589511.83
CZ15/MFm&0&rDXHP&Ex&dxHP_equip/RE-dxHP_eq-pkgSEER-17.8-SEER2-8.1-HSPF2/instance-out.sql,55.68,286031.46,113.33,582193.30
CZ15/MFm&0&rDXHP&Ex&dxHP_equip/RE-dxHP_eq-pkgSEER-18.7-SEER2-8.5-HSPF2/instance-out.sql,55.51,285166.35,112.80,579453.50
CZ15/MFm&0&rDXHP&Ex&dxHP_equip/RE-dxHP_eq-pkgSEER-19.6-SEER2-8.9-HSPF2/instance-out.sql,55.37,284438.49,112.35,577148.36
CZ16/MFm&0&rDXHP&Ex&dxHP_equip/RE-dxHP_eq-pkgSEER-12.5-SEER2-6.4-HSPF2/instance-out.sql,52.40,269162.35,100.32,515341.97
CZ16/MFm&0&rDXHP&Ex&dxHP_equip/RE-dxHP_eq-pkgSEER-14.3-SEER2-7.5-HSPF2/instance-out.sql,52.10,267656.56,99.39,510573.14
CZ16/MFm&0&rDXHP&Ex&dxHP_equip/RE-dxHP_eq-pkgSEER-16.0-SEER2-8.0-HSPF2/instance-out.sql,51.18,262913.38,96.46,495552.66
CZ16/MFm&0&rDXHP&Ex&dxHP_equip/RE-dxHP_eq-pkgSEER-17.8-SEER2-8.1-HSPF2/instance-out.sql,51.11,262569.07,96.25,494462.25
CZ16/MFm&0&rDXHP&Ex&dxHP_equip/RE-dxHP_eq-pkgSEER-18.7-SEER2-8.5-HSPF2/instance-out.sql,51.06,262303.32,96.09,493620.60
CZ16/MFm&0&rDXHP&Ex&dxHP_equip/RE-dxHP_eq-pkgSEER-19.6-SEER2-8.9-HSPF2/instance-out.sql,51.02,262084.14,95.95,492926.47

File Name,Total (kWh),Heating (kWh),Cooling (kWh),Interior Lighting (kWh),Exterior Lighting (kWh),Interior Equipment (kWh),Exterior Equipment (kWh),Fans (kWh),Pumps (kWh),Heat Rejection (kWh),Humidification (kWh),Heat Recovery (kWh),Water Systems (kWh),Refrigeration (kWh),Generators (kWh),Heating Elec (kWh),Cooling Elec (kWh),Heating NG (kWh),Cooling NG (kWh),Interior Equipment Elec (kWh),Interior Equipment NG (kWh)
CZ01/MFm&0&rDXHP&Ex&dxHP_equip/RE-dxHP_eq-pkgSEER-12.5-SEER2-6.4-HSPF2/instance-out.sql,249542.91,8363.42,1092.55,14740.46,0.0,73945.06,0.0,1362.18,0.0,0.0,0.0,0.0,150039.23,0.0,0.0,8363.42,1092.55,0.00,0.00,59678.04,14267.02
CZ01/MFm&0&rDXHP&Ex&dxHP_equip/RE-dxHP_eq-pkgSEER-14.3-SEER2-7.5-HSPF2/instance-out.sql,249135.41,8043.99,1004.49,14740.46,0.0,73945.06,0.0,1362.18,0.0,0.0,0.0,0.0,150039.23,0.0,0.0,8043.99,1004.49,0.00,0.00,59678.04,14267.02
CZ01/MFm&0&rDXHP&Ex&dxHP_equip/RE-dxHP_eq-pkgSEER-16.0-SEER2-8.0-HSPF2/instance-out.sql,248060.17,7799.24,887.22,14740.46,0.0,73945.06,0.0,647.7,0.0,0.0,0.0,0.0,150040.48,0.0,0.0,7799.24,887.22,0.00,0.00,59678.04,14267.02
CZ01/MFm&0&rDXHP&Ex&dxHP_equip/RE-dxHP_eq-pkgSEER-17.8-SEER2-8.1-HSPF2/instance-out.sql,247998.67,7779.8,845.16,14740.46,0.0,73945.06,0.0,647.7,0.0,0.0,0.0,0.0,150040.48,0.0,0.0,7779.80,845.16,0.00,0.00,59678.04,14267.02
CZ01/MFm&0&rDXHP&Ex&dxHP_equip/RE-dxHP_eq-pkgSEER-18.7-SEER2-8.5-HSPF2/instance-out.sql,247926.48,7722.6,830.17,14740.46,0.0,73945.06,0.0,647.7,0.0,0.0,0.0,0.0,150040.48,0.0,0.0,7722.60,830.17,0.00,0.00,59678.04,14267.02
CZ01/MFm&0&rDXHP&Ex&dxHP_equip/RE-dxHP_eq-pkgSEER-19.6-SEER2-8.9-HSPF2/instance-out.sql,247867.36000000002,7676.17,817.48,14740.46,0.0,73945.06,0.0,647.7,0.0,0.0,0.0,0.0,150040.48,0.0,0.0,7676.17,817.48,0.00,0.00,59678.04,14267.02
CZ02/MFm&0&rDXHP&Ex&dxHP_equip/RE-dxHP_eq-pkgSEER-12.5-SEER2-6.4-HSPF2/instance-out.sql,255841.97999999998,11685.25,5755.4,14740.46,0.0,73945.06,0.0,3291.65,0.0,0.0,0.0,0.0,146424.17,0.0,0.0,11685.25,5755.40,0.00,0.00,59678.04,14267.02
CZ02/MFm&0&rDXHP&Ex&dxHP_equip/RE-dxHP_eq-pkgSEER-14.3-SEER2-7.5-HSPF2/instance-out.sql,254781.38,11088.56,5291.49,14740.46,0.0,73945.06,0.0,3291.65,0.0,0.0,0.0,0.0,146424.17,0.0,0.0,11088.56,5291.49,0.00,0.00,59678.04,14267.02
CZ02/MFm&0&rDXHP&Ex&dxHP_equip/RE-dxHP_eq-pkgSEER-16.0-SEER2-8.0-HSPF2/instance-out.sql,251945.58000000002,10679.43,4626.76,14740.46,0.0,73945.06,0.0,1534.04,0.0,0.0,0.0,0.0,146419.83,0.0,0.0,10679.43,4626.76,0.00,0.00,59678.04,14267.02
CZ02/MFm&0&rDXHP&Ex&dxHP_equip/RE-dxHP_eq-pkgSEER-17.8-SEER2-8.1-HSPF2/instance-out.sql,251690.14,10643.26,4407.48,14740.46,0.0,73945.06,0.0,1534.04,0.0,0.0,0.0,0.0,146419.83,0.0,0.0,10643.26,4407.48,0.00,0.00,59678.04,14267.02
CZ02/MFm&0&rDXHP&Ex&dxHP_equip/RE-dxHP_eq-pkgSEER-18.7-SEER2-8.5-HSPF2/instance-out.sql,251505.35,10536.81,4329.14,14740.46,0.0,73945.06,0.0,1534.04,0.0,0.0,0.0,0.0,146419.83,0.0,0.0,10536.81,4329.14,0.00,0.00,59678.04,14267.02
CZ02/MFm&0&rDXHP&Ex&dxHP_equip/RE-dxHP_eq-pkgSEER-19.6-SEER2-8.9-HSPF2/instance-out.sql,251352.8,10450.41,4262.99,14740.46,0.0,73945.06,0.0,1534.04,0.0,0.0,0.0,0.0,146419.83,0.0,0.0,10450.41,4262.99,0.00,0.00,59678.04,14267.02
CZ03/MFm&0&rDXHP&Ex&dxHP_equip/RE-dxHP_eq-pkgSEER-12.5-SEER2-6.4-HSPF2/instance-out.sql,258043.15000000002,10864.15,7482.92,14740.46,0.0,73945.06,0.0,4020.71,0.0,0.0,0.0,0.0,146989.86,0.0,0.0,10864.15,7482.92,0.00,0.00,59678.04,14267.02
CZ03/MFm&0&rDXHP&Ex&dxHP_equip/RE-dxHP_eq-pkgSEER-14.3-SEER2-7.5-HSPF2/instance-out.sql,256767.13,10191.28,6879.76,14740.46,0.0,73945.06,0.0,4020.71,0.0,0.0,0.0,0.0,146989.86,0.0,0.0,10191.28,6879.76,0.00,0.00,59678.04,14267.02
CZ03/MFm&0&rDXHP&Ex&dxHP_equip/RE-dxHP_eq-pkgSEER-16.0-SEER2-8.0-HSPF2/instance-out.sql,253198.47999999998,9668.76,5977.31,14740.46,0.0,73945.06,0.0,1881.35,0.0,0.0,0.0,0.0,146985.52,0.0,0.0,9668.76,5977.31,0.00,0.00,59678.04,14267.02
CZ03/MFm&0&rDXHP&Ex&dxHP_equip/RE-dxHP_eq-pkgSEER-17.8-SEER2-8.1-HSPF2/instance-out.sql,252874.84999999998,9628.33,5694.11,14740.46,0.0,73945.06,0.0,1881.35,0.0,0.0,0.0,0.0,146985.52,0.0,0.0,9628.33,5694.11,0.00,0.00,59678.04,14267.02
CZ03/MFm&0&rDXHP&Ex&dxHP_equip/RE-dxHP_eq-pkgSEER-18.7-SEER2-8.5-HSPF2/instance-out.sql,252654.41999999998,9509.34,5592.68,14740.46,0.0,73945.06,0.0,1881.35,0.0,0.0,0.0,0.0,146985.52,0.0,0.0,9509.34,5592.68,0.00,0.00,59678.04,14267.02
CZ03/MFm&0&rDXHP&Ex&dxHP_equip/RE-dxHP_eq-pkgSEER-19.6-SEER2-8.9-HSPF2/instance-out.sql,252472.40999999997,9412.76,5507.25,14740.46,0.0,73945.06,0.0,1881.35,0.0,0.0,0.0,0.0,146985.52,0.0,0.0,9412.76,5507.25,0.00,0.00,59678.04,14267.02
CZ04/MFm&0&rDXHP&Ex&dxHP_equip/RE-dxHP_eq-pkgSEER-12.5-SEER2-6.4-HSPF2/instance-out.sql,271436.52,17508.29,14099.11,14740.46,0.0,73945.06,0.0,6470.27,0.0,0.0,0.0,0.0,144673.33,0.0,0.0,17508.29,14099.11,0.00,0.00,59678.04,14267.02
CZ04/MFm&0&rDXHP&Ex&dxHP_equip/RE-dxHP_eq-pkgSEER-14.3-SEER2-7.5-HSPF2/instance-out.sql,269286.14,16494.35,12962.66,14740.46,0.0,73945.06,0.0,6470.27,0.0,0.0,0.0,0.0,144673.33,0.0,0.0,16494.35,12962.66,0.00,0.00,59678.04,14267.02
CZ04/MFm&0&rDXHP&Ex&dxHP_equip/RE-dxHP_eq-pkgSEER-16.0-SEER2-8.0-HSPF2/instance-out.sql,263414.72,15844.87,11240.01,14740.46,0.0,73945.06,0.0,2981.92,0.0,0.0,0.0,0.0,144662.39,0.0,0.0,15844.87,11240.01,0.00,0.00,59678.04,14267.02
CZ04/MFm&0&rDXHP&Ex&dxHP_equip/RE-dxHP_eq-pkgSEER-17.8-SEER2-8.1-HSPF2/instance-out.sql,262820.76,15783.51,10707.41,14740.46,0.0,73945.06,0.0,2981.92,0.0,0.0,0.0,0.0,144662.39,0.0,0.0,15783.51,10707.41,0.00,0.00,59678.04,14267.02
CZ04/MFm&0&rDXHP&Ex&dxHP_equip/RE-dxHP_eq-pkgSEER-18.7-SEER2-8.5-HSPF2/instance-out.sql,262449.62,15602.94,10516.84,14740.46,0.0,73945.06,0.0,2981.92,0.0,0.0,0.0,0.0,144662.39,0.0,0.0,15602.94,10516.84,0.00,0.00,59678.04,14267.02
CZ04/MFm&0&rDXHP&Ex&dxHP_equip/RE-dxHP_eq-pkgSEER-19.6-SEER2-8.9-HSPF2/instance-out.sql,262142.38,15456.37,10356.18,14740.46,0.0,73945.06,0.0,2981.92,0.0,0.0,0.0,0.0,144662.39,0.0,0.0,15456.37,10356.18,0.00,0.00,59678.04,14267.02
CZ05/MFm&0&rDXHP&Ex&dxHP_equip/RE-dxHP_eq-pkgSEER-12.5-SEER2-6.4-HSPF2/instance-out.sql,257877.05,11718.15,6689.67,14740.46,0.0,73945.06,0.0,4077.17,0.0,0.0,0.0,0.0,146706.54,0.0,0.0,11718.15,6689.67,0.00,0.00,59678.04,14267.02
CZ05/MFm&0&rDXHP&Ex&dxHP_equip/RE-dxHP_eq-pkgSEER-14.3-SEER2-7.5-HSPF2/instance-out.sql,256630.36,11010.68,6150.45,14740.46,0.0,73945.06,0.0,4077.17,0.0,0.0,0.0,0.0,146706.54,0.0,0.0,11010.68,6150.45,0.00,0.00,59678.04,14267.02
CZ05/MFm&0&rDXHP&Ex&dxHP_equip/RE-dxHP_eq-pkgSEER-16.0-SEER2-8.0-HSPF2/instance-out.sql,253192.53,10484.93,5417.72,14740.46,0.0,73945.06,0.0,1902.28,0.0,0.0,0.0,0.0,146702.08,0.0,0.0,10484.93,5417.72,0.00,0.00,59678.04,14267.02
CZ05/MFm&0&rDXHP&Ex&dxHP_equip/RE-dxHP_eq-pkgSEER-17.8-SEER2-8.1-HSPF2/instance-out.sql,252893.13,10442.34,5160.92,14740.46,0.0,73945.06,0.0,1902.28,0.0,0.0,0.0,0.0,146702.08,0.0,0.0,10442.34,5160.92,0.00,0.00,59678.04,14267.02
CZ05/MFm&0&rDXHP&Ex&dxHP_equip/RE-dxHP_eq-pkgSEER-18.7-SEER2-8.5-HSPF2/instance-out.sql,252676.2,10317.0,5069.32,14740.46,0.0,73945.06,0.0,1902.28,0.0,0.0,0.0,0.0,146702.08,0.0,0.0,10317.00,5069.32,0.00,0.00,59678.04,14267.02
CZ05/MFm&0&rDXHP&Ex&dxHP_equip/RE-dxHP_eq-pkgSEER-19.6-SEER2-8.9-HSPF2/instance-out.sql,252496.98,10215.26,4991.85,14740.46,0.0,73945.06,0.0,1902.28,0.0,0.0,0.0,0.0,146702.08,0.0,0.0,10215.26,4991.85,0.00,0.00,59678.04,14267.02
CZ06/MFm&0&rDXHP&Ex&dxHP_equip/RE-dxHP_eq-pkgSEER-12.5-SEER2-6.4-HSPF2/instance-out.sql,251621.34999999998,5738.3,8727.58,14740.46,0.0,73945.06,0.0,3690.77,0.0,0.0,0.0,0.0,144779.19,0.0,0.0,5738.30,8727.58,0.00,0.00,59678.04,14267.02
CZ06/MFm&0&rDXHP&Ex&dxHP_equip/RE-dxHP_eq-pkgSEER-14.3-SEER2-7.5-HSPF2/instance-out.sql,250519.83,5340.26,8024.09,14740.46,0.0,73945.06,0.0,3690.77,0.0,0.0,0.0,0.0,144779.19,0.0,0.0,5340.26,8024.09,0.00,0.00,59678.04,14267.02
CZ06/MFm&0&rDXHP&Ex&dxHP_equip/RE-dxHP_eq-pkgSEER-16.0-SEER2-8.0-HSPF2/instance-out.sql,247397.63999999998,5163.43,7071.97,14740.46,0.0,73945.06,0.0,1702.13,0.0,0.0,0.0,0.0,144774.58,0.0,0.0,5163.43,7071.97,0.00,0.00,59678.04,14267.02
CZ06/MFm&0&rDXHP&Ex&dxHP_equip/RE-dxHP_eq-pkgSEER-17.8-SEER2-8.1-HSPF2/instance-out.sql,247038.33,5139.35,6736.75,14740.46,0.0,73945.06,0.0,1702.13,0.0,0.0,0.0,0.0,144774.58,0.0,0.0,5139.35,6736.75,0.00,0.00,59678.04,14267.02
CZ06/MFm&0&rDXHP&Ex&dxHP_equip/RE-dxHP_eq-pkgSEER-18.7-SEER2-8.5-HSPF2/instance-out.sql,246847.90999999997,5068.47,6617.2,14740.46,0.0,73945.06,0.0,1702.13,0.0,0.0,0.0,0.0,144774.58,0.0,0.0,5068.47,6617.20,0.00,0.00,59678.04,14267.02
CZ06/MFm&0&rDXHP&Ex&dxHP_equip/RE-dxHP_eq-pkgSEER-19.6-SEER2-8.9-HSPF2/instance-out.sql,246689.25,5010.94,6516.07,14740.46,0.0,73945.06,0.0,1702.13,0.0,0.0,0.0,0.0,144774.58,0.0,0.0,5010.94,6516.07,0.00,0.00,59678.04,14267.02
CZ07/MFm&0&rDXHP&Ex&dxHP_equip/RE-dxHP_eq-pkgSEER-12.5-SEER2-6.4-HSPF2/instance-out.sql,247518.53,4620.0,6971.05,14740.46,0.0,73945.06,0.0,2943.56,0.0,0.0,0.0,0.0,144298.4,0.0,0.0,4620.00,6971.05,0.00,0.00,59678.04,14267.02
CZ07/MFm&0&rDXHP&Ex&dxHP_equip/RE-dxHP_eq-pkgSEER-14.3-SEER2-7.5-HSPF2/instance-out.sql,246636.71,4300.07,6409.15,14740.46,0.0,73945.06,0.0,2943.56,0.0,0.0,0.0,0.0,144298.4,0.0,0.0,4300.07,6409.15,0.00,0.00,59678.04,14267.02
CZ07/MFm&0&rDXHP&Ex&dxHP_equip/RE-dxHP_eq-pkgSEER-16.0-SEER2-8.0-HSPF2/instance-out.sql,244155.33000000002,4173.27,5644.82,14740.46,0.0,73945.06,0.0,1357.2,0.0,0.0,0.0,0.0,144294.5,0.0,0.0,4173.27,5644.82,0.00,0.00,59678.04,14267.02
CZ07/MFm&0&rDXHP&Ex&dxHP_equip/RE-dxHP_eq-pkgSEER-17.8-SEER2-8.1-HSPF2/instance-out.sql,243868.41,4153.86,5377.32,14740.46,0.0,73945.06,0.0,1357.2,0.0,0.0,0.0,0.0,144294.5,0.0,0.0,4153.86,5377.32,0.00,0.00,59678.04,14267.02
CZ07/MFm&0&rDXHP&Ex&dxHP_equip/RE-dxHP_eq-pkgSEER-18.7-SEER2-8.5-HSPF2/instance-out.sql,243715.66,4096.74,5281.69,14740.46,0.0,73945.06,0.0,1357.2,0.0,0.0,0.0,0.0,144294.5,0.0,0.0,4096.74,5281.69,0.00,0.00,59678.04,14267.02
CZ07/MFm&0&rDXHP&Ex&dxHP_equip/RE-dxHP_eq-pkgSEER-19.6-SEER2-8.9-HSPF2/instance-out.sql,243588.6,4050.38,5200.99,14740.46,0.0,73945.06,0.0,1357.2,0.0,0.0,0.0,0.0,144294.5,0.0,0.0,4050.38,5200.99,0.00,0.00,59678.04,14267.02
CZ08/MFm&0&rDXHP&Ex&dxHP_equip/RE-dxHP_eq-pkgSEER-12.5-SEER2-6.4-HSPF2/instance-out.sql,262953.78,5543.56,19058.87,14740.46,0.0,73945.06,0.0,6192.72,0.0,0.0,0.0,0.0,143473.11,0.0,0.0,5543.56,19058.87,0.00,0.00,59678.04,14267.02
CZ08/MFm&0&rDXHP&Ex&dxHP_equip/RE-dxHP_eq-pkgSEER-14.3-SEER2-7.5-HSPF2/instance-out.sql,261069.09000000003,5195.09,17522.64,14740.46,0.0,73945.06,0.0,6192.72,0.0,0.0,0.0,0.0,143473.11,0.0,0.0,5195.09,17522.64,0.00,0.00,59678.04,14267.02
CZ08/MFm&0&rDXHP&Ex&dxHP_equip/RE-dxHP_eq-pkgSEER-16.0-SEER2-8.0-HSPF2/instance-out.sql,255279.26,5009.13,15317.5,14740.46,0.0,73945.06,0.0,2808.07,0.0,0.0,0.0,0.0,143459.03,0.0,0.0,5009.13,15317.50,0.00,0.00,59678.04,14267.02
CZ08/MFm&0&rDXHP&Ex&dxHP_equip/RE-dxHP_eq-pkgSEER-17.8-SEER2-8.1-HSPF2/instance-out.sql,254532.27,4987.98,14591.67,14740.46,0.0,73945.06,0.0,2808.07,0.0,0.0,0.0,0.0,143459.03,0.0,0.0,4987.98,14591.67,0.00,0.00,59678.04,14267.02
CZ08/MFm&0&rDXHP&Ex&dxHP_equip/RE-dxHP_eq-pkgSEER-18.7-SEER2-8.5-HSPF2/instance-out.sql,254210.38,4925.72,14332.04,14740.46,0.0,73945.06,0.0,2808.07,0.0,0.0,0.0,0.0,143459.03,0.0,0.0,4925.72,14332.04,0.00,0.00,59678.04,14267.02
CZ08/MFm&0&rDXHP&Ex&dxHP_equip/RE-dxHP_eq-pkgSEER-19.6-SEER2-8.9-HSPF2/instance-out.sql,253940.88999999998,4875.19,14113.08,14740.46,0.0,73945.06,0.0,2808.07,0.0,0.0,0.0,0.0,143459.03,0.0,0.0,4875.19,14113.08,0.00,0.00,59678.04,14267.02
CZ09/MFm&0&rDXHP&Ex&dxHP_equip/RE-dxHP_eq-pkgSEER-12.5-SEER2-6.4-HSPF2/instance-out.sql,267879.5,10183.09,18812.84,14740.46,0.0,73945.06,0.0,6886.06,0.0,0.0,0.0,0.0,143311.99,0.0,0.0,10183.09,18812.84,0.00,0.00,59678.04,14267.02
CZ09/MFm&0&rDXHP&Ex&dxHP_equip/RE-dxHP_eq-pkgSEER-14.3-SEER2-7.5-HSPF2/instance-out.sql,265692.27,9512.26,17296.44,14740.46,0.0,73945.06,0.0,6886.06,0.0,0.0,0.0,0.0,143311.99,0.0,0.0,9512.26,17296.44,0.00,0.00,59678.04,14267.02
CZ09/MFm&0&rDXHP&Ex&dxHP_equip/RE-dxHP_eq-pkgSEER-16.0-SEER2-8.0-HSPF2/instance-out.sql,259406.6,9161.95,15111.0,14740.46,0.0,73945.06,0.0,3149.45,0.0,0.0,0.0,0.0,143298.67,0.0,0.0,9161.95,15111.00,0.00,0.00,59678.04,14267.02
CZ09/MFm&0&rDXHP&Ex&dxHP_equip/RE-dxHP_eq-pkgSEER-17.8-SEER2-8.1-HSPF2/instance-out.sql,258649.89,9121.34,14394.89,14740.46,0.0,73945.06,0.0,3149.45,0.0,0.0,0.0,0.0,143298.67,0.0,0.0,9121.34,14394.89,0.00,0.00,59678.04,14267.02
CZ09/MFm&0&rDXHP&Ex&dxHP_equip/RE-dxHP_eq-pkgSEER-18.7-SEER2-8.5-HSPF2/instance-out.sql,258274.41000000003,9001.83,14138.92,14740.46,0.0,73945.06,0.0,3149.45,0.0,0.0,0.0,0.0,143298.67,0.0,0.0,9001.83,14138.92,0.00,0.00,59678.04,14267.02
CZ09/MFm&0&rDXHP&Ex&dxHP_equip/RE-dxHP_eq-pkgSEER-19.6-SEER2-8.9-HSPF2/instance-out.sql,257961.37,8904.82,13922.9,14740.46,0.0,73945.06,0.0,3149.45,0.0,0.0,0.0,0.0,143298.67,0.0,0.0,8904.82,13922.90,0.00,0.00,59678.04,14267.02
CZ10/MFm&0&rDXHP&Ex&dxHP_equip/RE-dxHP_eq-pkgSEER-12.5-SEER2-6.4-HSPF2/instance-out.sql,262349.21,5479.48,19184.41,14740.46,0.0,73945.06,0.0,5737.19,0.0,0.0,0.0,0.0,143262.62,0.0,0.0,5479.48,19184.41,0.00,0.00,59678.04,14267.02
CZ10/MFm&0&rDXHP&Ex&dxHP_equip/RE-dxHP_eq-pkgSEER-14.3-SEER2-7.5-HSPF2/instance-out.sql,260490.92,5167.53,17638.06,14740.46,0.0,73945.06,0.0,5737.19,0.0,0.0,0.0,0.0,143262.62,0.0,0.0,5167.53,17638.06,0.00,0.00,59678.04,14267.02
CZ10/MFm&0&rDXHP&Ex&dxHP_equip/RE-dxHP_eq-pkgSEER-16.0-SEER2-8.0-HSPF2/instance-out.sql,255004.58000000002,5004.72,15460.31,14740.46,0.0,73945.06,0.0,2603.22,0.0,0.0,0.0,0.0,143250.81,0.0,0.0,5004.72,15460.31,0.00,0.00,59678.04,14267.02
CZ10/MFm&0&rDXHP&Ex&dxHP_equip/RE-dxHP_eq-pkgSEER-17.8-SEER2-8.1-HSPF2/instance-out.sql,254252.87,4985.73,14727.58,14740.46,0.0,73945.06,0.0,2603.22,0.0,0.0,0.0,0.0,143250.81,0.0,0.0,4985.73,14727.58,0.00,0.00,59678.04,14267.02
CZ10/MFm&0&rDXHP&Ex&dxHP_equip/RE-dxHP_eq-pkgSEER-18.7-SEER2-8.5-HSPF2/instance-out.sql,253935.33000000002,4929.87,14465.9,14740.46,0.0,73945.06,0.0,2603.22,0.0,0.0,0.0,0.0,143250.81,0.0,0.0,4929.87,14465.90,0.00,0.00,59678.04,14267.02
CZ10/MFm&0&rDXHP&Ex&dxHP_equip/RE-dxHP_eq-pkgSEER-19.6-SEER2-8.9-HSPF2/instance-out.sql,253668.94,4884.52,14244.86,14740.46,0.0,73945.06,0.0,2603.22,0.0,0.0,0.0,0.0,143250.81,0.0,0.0,4884.52,14244.86,0.00,0.00,59678.04,14267.02
CZ11/MFm&0&rDXHP&Ex&dxHP_equip/RE-dxHP_eq-pkgSEER-12.5-SEER2-6.4-HSPF2/instance-out.sql,278433.64,10142.79,26651.08,14740.46,0.0,73945.06,0.0,8032.09,0.0,0.0,0.0,0.0,144922.16,0.0,0.0,10142.79,26651.08,0.00,0.00,59678.04,14267.02
CZ11/MFm&0&rDXHP&Ex&dxHP_equip/RE-dxHP_eq-pkgSEER-14.3-SEER2-7.5-HSPF2/instance-out.sql,275749.35,9606.7,24502.88,14740.46,0.0,73945.06,0.0,8032.09,0.0,0.0,0.0,0.0,144922.16,0.0,0.0,9606.70,24502.88,0.00,0.00,59678.04,14267.02
CZ11/MFm&0&rDXHP&Ex&dxHP_equip/RE-dxHP_eq-pkgSEER-16.0-SEER2-8.0-HSPF2/instance-out.sql,267766.88,9321.25,21233.69,14740.46,0.0,73945.06,0.0,3623.08,0.0,0.0,0.0,0.0,144903.32,0.0,0.0,9321.25,21233.69,0.00,0.00,59678.04,14267.02
CZ11/MFm&0&rDXHP&Ex&dxHP_equip/RE-dxHP_eq-pkgSEER-17.8-SEER2-8.1-HSPF2/instance-out.sql,266728.14,9288.56,20227.65,14740.46,0.0,73945.06,0.0,3623.08,0.0,0.0,0.0,0.0,144903.32,0.0,0.0,9288.56,20227.65,0.00,0.00,59678.04,14267.02
CZ11/MFm&0&rDXHP&Ex&dxHP_equip/RE-dxHP_eq-pkgSEER-18.7-SEER2-8.5-HSPF2/instance-out.sql,266271.64,9192.36,19867.35,14740.46,0.0,73945.06,0.0,3623.08,0.0,0.0,0.0,0.0,144903.32,0.0,0.0,9192.36,19867.35,0.00,0.00,59678.04,14267.02
CZ11/MFm&0&rDXHP&Ex&dxHP_equip/RE-dxHP_eq-pkgSEER-19.6-SEER2-8.9-HSPF2/instance-out.sql,265890.08,9114.27,19563.88,14740.46,0.0,73945.06,0.0,3623.08,0.0,0.0,0.0,0.0,144903.32,0.0,0.0,9114.27,19563.88,0.00,0.00,59678.04,14267.02
CZ12/MFm&0&rDXHP&Ex&dxHP_equip/RE-dxHP_eq-pkgSEER-12.5-SEER2-6.4-HSPF2/instance-out.sql,259739.11,9861.09,11749.55,14740.46,0.0,73945.06,0.0,4532.68,0.0,0.0,0.0,0.0,144910.26,0.0,0.0,9861.09,11749.55,0.00,0.00,59678.04,14267.02
CZ12/MFm&0&rDXHP&Ex&dxHP_equip/RE-dxHP_eq-pkgSEER-14.3-SEER2-7.5-HSPF2/instance-out.sql,258265.91999999998,9334.97,10802.49,14740.46,0.0,73945.06,0.0,4532.68,0.0,0.0,0.0,0.0,144910.26,0.0,0.0,9334.97,10802.49,0.00,0.00,59678.04,14267.02
CZ12/MFm&0&rDXHP&Ex&dxHP_equip/RE-dxHP_eq-pkgSEER-16.0-SEER2-8.0-HSPF2/instance-out.sql,254163.63,8984.56,9500.92,14740.46,0.0,73945.06,0.0,2090.19,0.0,0.0,0.0,0.0,144902.44,0.0,0.0,8984.56,9500.92,0.00,0.00,59678.04,14267.02
CZ12/MFm&0&rDXHP&Ex&dxHP_equip/RE-dxHP_eq-pkgSEER-17.8-SEER2-8.1-HSPF2/instance-out.sql,253681.29,8952.6,9050.53,14740.46,0.0,73945.06,0.0,2090.19,0.0,0.0,0.0,0.0,144902.44,0.0,0.0,8952.60,9050.53,0.00,0.00,59678.04,14267.02
CZ12/MFm&0&rDXHP&Ex&dxHP_equip/RE-dxHP_eq-pkgSEER-18.7-SEER2-8.5-HSPF2/instance-out.sql,253426.7,8858.54,8889.99,14740.46,0.0,73945.06,0.0,2090.19,0.0,0.0,0.0,0.0,144902.44,0.0,0.0,8858.54,8889.99,0.00,0.00,59678.04,14267.02
CZ12/MFm&0&rDXHP&Ex&dxHP_equip/RE-dxHP_eq-pkgSEER-19.6-SEER2-8.9-HSPF2/instance-out.sql,253214.47999999998,8782.2,8754.12,14740.46,0.0,73945.06,0.0,2090.19,0.0,0.0,0.0,0.0,144902.44,0.0,0.0,8782.20,8754.12,0.00,0.00,59678.04,14267.02
CZ13/MFm&0&rDXHP&Ex&dxHP_equip/RE-dxHP_eq-pkgSEER-12.5-SEER2-6.4-HSPF2/instance-out.sql,292181.46,14165.29,34417.29,14740.46,0.0,73945.06,0.0,10874.74,0.0,0.0,0.0,0.0,144038.61,0.0,0.0,14165.29,34417.29,0.00,0.00,59678.04,14267.02
CZ13/MFm&0&rDXHP&Ex&dxHP_equip/RE-dxHP_eq-pkgSEER-14.3-SEER2-7.5-HSPF2/instance-out.sql,288548.88,13306.9,31643.1,14740.46,0.0,73945.06,0.0,10874.74,0.0,0.0,0.0,0.0,144038.61,0.0,0.0,13306.90,31643.10,0.00,0.00,59678.04,14267.02
CZ13/MFm&0&rDXHP&Ex&dxHP_equip/RE-dxHP_eq-pkgSEER-16.0-SEER2-8.0-HSPF2/instance-out.sql,277912.91000000003,12824.83,27465.83,14740.46,0.0,73945.06,0.0,4921.62,0.0,0.0,0.0,0.0,144015.11,0.0,0.0,12824.83,27465.83,0.00,0.00,59678.04,14267.02
CZ13/MFm&0&rDXHP&Ex&dxHP_equip/RE-dxHP_eq-pkgSEER-17.8-SEER2-8.1-HSPF2/instance-out.sql,276559.54000000004,12772.78,26164.5,14740.46,0.0,73945.06,0.0,4921.62,0.0,0.0,0.0,0.0,144015.11,0.0,0.0,12772.78,26164.50,0.00,0.00,59678.04,14267.02
CZ13/MFm&0&rDXHP&Ex&dxHP_equip/RE-dxHP_eq-pkgSEER-18.7-SEER2-8.5-HSPF2/instance-out.sql,275940.36,12619.62,25698.48,14740.46,0.0,73945.06,0.0,4921.62,0.0,0.0,0.0,0.0,144015.11,0.0,0.0,12619.62,25698.48,0.00,0.00,59678.04,14267.02
CZ13/MFm&0&rDXHP&Ex&dxHP_equip/RE-dxHP_eq-pkgSEER-19.6-SEER2-8.9-HSPF2/instance-out.sql,275423.49,12495.3,25305.94,14740.46,0.0,73945.06,0.0,4921.62,0.0,0.0,0.0,0.0,144015.11,0.0,0.0,12495.30,25305.94,0.00,0.00,59678.04,14267.02
CZ14/MFm&0&rDXHP&Ex&dxHP_equip/RE-dxHP_eq-pkgSEER-12.5-SEER2-6.4-HSPF2/instance-out.sql,275136.08,14926.12,20326.86,14740.46,0.0,73945.06,0.0,7465.17,0.0,0.0,0.0,0.0,143732.4,0.0,0.0,14926.12,20326.86,0.00,0.00,59678.04,14267.02
CZ14/MFm&0&rDXHP&Ex&dxHP_equip/RE-dxHP_eq-pkgSEER-14.3-SEER2-7.5-HSPF2/instance-out.sql,272672.95,14101.43,18688.43,14740.46,0.0,73945.06,0.0,7465.17,0.0,0.0,0.0,0.0,143732.4,0.0,0.0,14101.43,18688.43,0.00,0.00,59678.04,14267.02
CZ14/MFm&0&rDXHP&Ex&dxHP_equip/RE-dxHP_eq-pkgSEER-16.0-SEER2-8.0-HSPF2/instance-out.sql,265694.75,13481.01,16406.39,14740.46,0.0,73945.06,0.0,3398.64,0.0,0.0,0.0,0.0,143723.18,0.0,0.0,13481.01,16406.39,0.00,0.00,59678.04,14267.02
CZ14/MFm&0&rDXHP&Ex&dxHP_equip/RE-dxHP_eq-pkgSEER-17.8-SEER2-8.1-HSPF2/instance-out.sql,264866.66,13430.65,15628.66,14740.46,0.0,73945.06,0.0,3398.64,0.0,0.0,0.0,0.0,143723.18,0.0,0.0,13430.65,15628.66,0.00,0.00,59678.04,14267.02
CZ14/MFm&0&rDXHP&Ex&dxHP_equip/RE-dxHP_eq-pkgSEER-18.7-SEER2-8.5-HSPF2/instance-out.sql,264441.24,13282.45,15351.43,14740.46,0.0,73945.06,0.0,3398.64,0.0,0.0,0.0,0.0,143723.18,0.0,0.0,13282.45,15351.43,0.00,0.00,59678.04,14267.02
CZ14/MFm&0&rDXHP&Ex&dxHP_equip/RE-dxHP_eq-pkgSEER-19.6-SEER2-8.9-HSPF2/instance-out.sql,264086.32,13162.16,15116.8,14740.46,0.0,73945.06,0.0,3398.64,0.0,0.0,0.0,0.0,143723.18,0.0,0.0,13162.16,15116.80,0.00,0.00,59678.04,14267.02
CZ15/MFm&0&rDXHP&Ex&dxHP_equip/RE-dxHP_eq-pkgSEER-12.5-SEER2-6.4-HSPF2/instance-out.sql,309108.03,3899.95,60731.99,14740.46,0.0,73945.06,0.0,14637.48,0.0,0.0,0.0,0.0,141153.08,0.0,0.0,3899.95,60731.99,0.00,0.00,59678.04,14267.02
CZ15/MFm&0&rDXHP&Ex&dxHP_equip/RE-dxHP_eq-pkgSEER-14.3-SEER2-7.5-HSPF2/instance-out.sql,303970.77,3657.96,55836.72,14740.46,0.0,73945.06,0.0,14637.48,0.0,0.0,0.0,0.0,141153.08,0.0,0.0,3657.96,55836.72,0.00,0.00,59678.04,14267.02
CZ15/MFm&0&rDXHP&Ex&dxHP_equip/RE-dxHP_eq-pkgSEER-16.0-SEER2-8.0-HSPF2/instance-out.sql,288342.33,3556.88,48458.32,14740.46,0.0,73945.06,0.0,6522.97,0.0,0.0,0.0,0.0,141118.64,0.0,0.0,3556.88,48458.32,0.00,0.00,59678.04,14267.02
CZ15/MFm&0&rDXHP&Ex&dxHP_equip/RE-dxHP_eq-pkgSEER-17.8-SEER2-8.1-HSPF2/instance-out.sql,286031.46,3542.13,46162.2,14740.46,0.0,73945.06,0.0,6522.97,0.0,0.0,0.0,0.0,141118.64,0.0,0.0,3542.13,46162.20,0.00,0.00,59678.04,14267.02
CZ15/MFm&0&rDXHP&Ex&dxHP_equip/RE-dxHP_eq-pkgSEER-18.7-SEER2-8.5-HSPF2/instance-out.sql,285166.35,3498.73,45340.49,14740.46,0.0,73945.06,0.0,6522.97,0.0,0.0,0.0,0.0,141118.64,0.0,0.0,3498.73,45340.49,0.00,0.00,59678.04,14267.02
CZ15/MFm&0&rDXHP&Ex&dxHP_equip/RE-dxHP_eq-pkgSEER-19.6-SEER2-8.9-HSPF2/instance-out.sql,284438.49,3463.51,44647.85,14740.46,0.0,73945.06,0.0,6522.97,0.0,0.0,0.0,0.0,141118.64,0.0,0.0,3463.51,44647.85,0.00,0.00,59678.04,14267.02
CZ16/MFm&0&rDXHP&Ex&dxHP_equip/RE-dxHP_eq-pkgSEER-12.5-SEER2-6.4-HSPF2/instance-out.sql,269162.33999999997,19801.39,7658.64,14740.46,0.0,73945.06,0.0,5452.23,0.0,0.0,0.0,0.0,147564.56,0.0,0.0,19801.39,7658.64,0.00,0.00,59678.04,14267.02
CZ16/MFm&0&rDXHP&Ex&dxHP_equip/RE-dxHP_eq-pkgSEER-14.3-SEER2-7.5-HSPF2/instance-out.sql,267656.56,18912.92,7041.32,14740.46,0.0,73945.06,0.0,5452.23,0.0,0.0,0.0,0.0,147564.56,0.0,0.0,18912.92,7041.32,0.00,0.00,59678.04,14267.02
CZ16/MFm&0&rDXHP&Ex&dxHP_equip/RE-dxHP_eq-pkgSEER-16.0-SEER2-8.0-HSPF2/instance-out.sql,262913.37,18090.08,6098.52,14740.46,0.0,73945.06,0.0,2475.27,0.0,0.0,0.0,0.0,147563.99,0.0,0.0,18090.08,6098.52,0.00,0.00,59678.04,14267.02
CZ16/MFm&0&rDXHP&Ex&dxHP_equip/RE-dxHP_eq-pkgSEER-17.8-SEER2-8.1-HSPF2/instance-out.sql,262569.07,18034.83,5809.46,14740.46,0.0,73945.06,0.0,2475.27,0.0,0.0,0.0,0.0,147563.99,0.0,0.0,18034.83,5809.46,0.00,0.00,59678.04,14267.02
CZ16/MFm&0&rDXHP&Ex&dxHP_equip/RE-dxHP_eq-pkgSEER-18.7-SEER2-8.5-HSPF2/instance-out.sql,262303.31,17872.24,5706.29,14740.46,0.0,73945.06,0.0,2475.27,0.0,0.0,0.0,0.0,147563.99,0.0,0.0,17872.24,5706.29,0.00,0.00,59678.04,14267.02
CZ16/MFm&0&rDXHP&Ex&dxHP_equip/RE-dxHP_eq-pkgSEER-19.6-SEER2-8.9-HSPF2/instance-out.sql,262084.14,17740.27,5619.09,14740.46,0.0,73945.06,0.0,2475.27,0.0,0.0,0.0,0.0,147563.99,0.0,0.0,17740.27,5619.09,0.00,0.00,59678.04,14267.02

File Name,Electricity (kWh),Natural Gas (kWh)
CZ01/MFm&0&rDXHP&Ex&dxHP_equip/RE-dxHP_eq-pkgSEER-12.5-SEER2-6.4-HSPF2/instance-out.sql,85236.66,164306.25
CZ01/MFm&0&rDXHP&Ex&dxHP_equip/RE-dxHP_eq-pkgSEER-14.3-SEER2-7.5-HSPF2/instance-out.sql,84829.16,164306.25
CZ01/MFm&0&rDXHP&Ex&dxHP_equip/RE-dxHP_eq-pkgSEER-16.0-SEER2-8.0-HSPF2/instance-out.sql,83752.66,164307.51
CZ01/MFm&0&rDXHP&Ex&dxHP_equip/RE-dxHP_eq-pkgSEER-17.8-SEER2-8.1-HSPF2/instance-out.sql,83691.16,164307.51
CZ01/MFm&0&rDXHP&Ex&dxHP_equip/RE-dxHP_eq-pkgSEER-18.7-SEER2-8.5-HSPF2/instance-out.sql,83618.97,164307.51
CZ01/MFm&0&rDXHP&Ex&dxHP_equip/RE-dxHP_eq-pkgSEER-19.6-SEER2-8.9-HSPF2/instance-out.sql,83559.85,164307.51
CZ02/MFm&0&rDXHP&Ex&dxHP_equip/RE-dxHP_eq-pkgSEER-12.5-SEER2-6.4-HSPF2/instance-out.sql,95150.79,160691.19
CZ02/MFm&0&rDXHP&Ex&dxHP_equip/RE-dxHP_eq-pkgSEER-14.3-SEER2-7.5-HSPF2/instance-out.sql,94090.19,160691.19
CZ02/MFm&0&rDXHP&Ex&dxHP_equip/RE-dxHP_eq-pkgSEER-16.0-SEER2-8.0-HSPF2/instance-out.sql,91258.73,160686.85
CZ02/MFm&0&rDXHP&Ex&dxHP_equip/RE-dxHP_eq-pkgSEER-17.8-SEER2-8.1-HSPF2/instance-out.sql,91003.29,160686.85
CZ02/MFm&0&rDXHP&Ex&dxHP_equip/RE-dxHP_eq-pkgSEER-18.7-SEER2-8.5-HSPF2/instance-out.sql,90818.50,160686.85
CZ02/MFm&0&rDXHP&Ex&dxHP_equip/RE-dxHP_eq-pkgSEER-19.6-SEER2-8.9-HSPF2/instance-out.sql,90665.95,160686.85
CZ03/MFm&0&rDXHP&Ex&dxHP_equip/RE-dxHP_eq-pkgSEER-12.5-SEER2-6.4-HSPF2/instance-out.sql,96786.27,161256.88
CZ03/MFm&0&rDXHP&Ex&dxHP_equip/RE-dxHP_eq-pkgSEER-14.3-SEER2-7.5-HSPF2/instance-out.sql,95510.25,161256.88
CZ03/MFm&0&rDXHP&Ex&dxHP_equip/RE-dxHP_eq-pkgSEER-16.0-SEER2-8.0-HSPF2/instance-out.sql,91945.93,161252.55
CZ03/MFm&0&rDXHP&Ex&dxHP_equip/RE-dxHP_eq-pkgSEER-17.8-SEER2-8.1-HSPF2/instance-out.sql,91622.30,161252.55
CZ03/MFm&0&rDXHP&Ex&dxHP_equip/RE-dxHP_eq-pkgSEER-18.7-SEER2-8.5-HSPF2/instance-out.sql,91401.87,161252.55
CZ03/MFm&0&rDXHP&Ex&dxHP_equip/RE-dxHP_eq-pkgSEER-19.6-SEER2-8.9-HSPF2/instance-out.sql,91219.86,161252.55
CZ04/MFm&0&rDXHP&Ex&dxHP_equip/RE-dxHP_eq-pkgSEER-12.5-SEER2-6.4-HSPF2/instance-out.sql,112496.17,158940.35
CZ04/MFm&0&rDXHP&Ex&dxHP_equip/RE-dxHP_eq-pkgSEER-14.3-SEER2-7.5-HSPF2/instance-out.sql,110345.79,158940.35
CZ04/MFm&0&rDXHP&Ex&dxHP_equip/RE-dxHP_eq-pkgSEER-16.0-SEER2-8.0-HSPF2/instance-out.sql,104485.31,158929.41
CZ04/MFm&0&rDXHP&Ex&dxHP_equip/RE-dxHP_eq-pkgSEER-17.8-SEER2-8.1-HSPF2/instance-out.sql,103891.35,158929.41
CZ04/MFm&0&rDXHP&Ex&dxHP_equip/RE-dxHP_eq-pkgSEER-18.7-SEER2-8.5-HSPF2/instance-out.sql,103520.21,158929.41
CZ04/MFm&0&rDXHP&Ex&dxHP_equip/RE-dxHP_eq-pkgSEER-19.6-SEER2-8.9-HSPF2/instance-out.sql,103212.97,158929.41
CZ05/MFm&0&rDXHP&Ex&dxHP_equip/RE-dxHP_eq-pkgSEER-12.5-SEER2-6.4-HSPF2/instance-out.sql,96903.49,160973.56
CZ05/MFm&0&rDXHP&Ex&dxHP_equip/RE-dxHP_eq-pkgSEER-14.3-SEER2-7.5-HSPF2/instance-out.sql,95656.80,160973.56
CZ05/MFm&0&rDXHP&Ex&dxHP_equip/RE-dxHP_eq-pkgSEER-16.0-SEER2-8.0-HSPF2/instance-out.sql,92223.43,160969.10
CZ05/MFm&0&rDXHP&Ex&dxHP_equip/RE-dxHP_eq-pkgSEER-17.8-SEER2-8.1-HSPF2/instance-out.sql,91924.03,160969.10
CZ05/MFm&0&rDXHP&Ex&dxHP_equip/RE-dxHP_eq-pkgSEER-18.7-SEER2-8.5-HSPF2/instance-out.sql,91707.10,160969.10
CZ05/MFm&0&rDXHP&Ex&dxHP_equip/RE-dxHP_eq-pkgSEER-19.6-SEER2-8.9-HSPF2/instance-out.sql,91527.88,160969.10
CZ06/MFm&0&rDXHP&Ex&dxHP_equip/RE-dxHP_eq-pkgSEER-12.5-SEER2-6.4-HSPF2/instance-out.sql,92575.14,159046.21
CZ06/MFm&0&rDXHP&Ex&dxHP_equip/RE-dxHP_eq-pkgSEER-14.3-SEER2-7.5-HSPF2/instance-out.sql,91473.62,159046.21
CZ06/MFm&0&rDXHP&Ex&dxHP_equip/RE-dxHP_eq-pkgSEER-16.0-SEER2-8.0-HSPF2/instance-out.sql,88356.03,159041.61
CZ06/MFm&0&rDXHP&Ex&dxHP_equip/RE-dxHP_eq-pkgSEER-17.8-SEER2-8.1-HSPF2/instance-out.sql,87996.72,159041.61
CZ06/MFm&0&rDXHP&Ex&dxHP_equip/RE-dxHP_eq-pkgSEER-18.7-SEER2-8.5-HSPF2/instance-out.sql,87806.30,159041.61
CZ06/MFm&0&rDXHP&Ex&dxHP_equip/RE-dxHP_eq-pkgSEER-19.6-SEER2-8.9-HSPF2/instance-out.sql,87647.64,159041.61
CZ07/MFm&0&rDXHP&Ex&dxHP_equip/RE-dxHP_eq-pkgSEER-12.5-SEER2-6.4-HSPF2/instance-out.sql,88953.10,158565.43
CZ07/MFm&0&rDXHP&Ex&dxHP_equip/RE-dxHP_eq-pkgSEER-14.3-SEER2-7.5-HSPF2/instance-out.sql,88071.28,158565.43
CZ07/MFm&0&rDXHP&Ex&dxHP_equip/RE-dxHP_eq-pkgSEER-16.0-SEER2-8.0-HSPF2/instance-out.sql,85593.80,158561.53
CZ07/MFm&0&rDXHP&Ex&dxHP_equip/RE-dxHP_eq-pkgSEER-17.8-SEER2-8.1-HSPF2/instance-out.sql,85306.88,158561.53
CZ07/MFm&0&rDXHP&Ex&dxHP_equip/RE-dxHP_eq-pkgSEER-18.7-SEER2-8.5-HSPF2/instance-out.sql,85154.13,158561.53
CZ07/MFm&0&rDXHP&Ex&dxHP_equip/RE-dxHP_eq-pkgSEER-19.6-SEER2-8.9-HSPF2/instance-out.sql,85027.07,158561.53
CZ08/MFm&0&rDXHP&Ex&dxHP_equip/RE-dxHP_eq-pkgSEER-12.5-SEER2-6.4-HSPF2/instance-out.sql,105213.64,157740.14
CZ08/MFm&0&rDXHP&Ex&dxHP_equip/RE-dxHP_eq-pkgSEER-14.3-SEER2-7.5-HSPF2/instance-out.sql,103328.95,157740.14
CZ08/MFm&0&rDXHP&Ex&dxHP_equip/RE-dxHP_eq-pkgSEER-16.0-SEER2-8.0-HSPF2/instance-out.sql,97553.21,157726.05
CZ08/MFm&0&rDXHP&Ex&dxHP_equip/RE-dxHP_eq-pkgSEER-17.8-SEER2-8.1-HSPF2/instance-out.sql,96806.22,157726.05
CZ08/MFm&0&rDXHP&Ex&dxHP_equip/RE-dxHP_eq-pkgSEER-18.7-SEER2-8.5-HSPF2/instance-out.sql,96484.33,157726.05
CZ08/MFm&0&rDXHP&Ex&dxHP_equip/RE-dxHP_eq-pkgSEER-19.6-SEER2-8.9-HSPF2/instance-out.sql,96214.84,157726.05
CZ09/MFm&0&rDXHP&Ex&dxHP_equip/RE-dxHP_eq-pkgSEER-12.5-SEER2-6.4-HSPF2/instance-out.sql,110300.49,157579.01
CZ09/MFm&0&rDXHP&Ex&dxHP_equip/RE-dxHP_eq-pkgSEER-14.3-SEER2-7.5-HSPF2/instance-out.sql,108113.26,157579.01
CZ09/MFm&0&rDXHP&Ex&dxHP_equip/RE-dxHP_eq-pkgSEER-16.0-SEER2-8.0-HSPF2/instance-out.sql,101840.90,157565.70
CZ09/MFm&0&rDXHP&Ex&dxHP_equip/RE-dxHP_eq-pkgSEER-17.8-SEER2-8.1-HSPF2/instance-out.sql,101084.19,157565.70
CZ09/MFm&0&rDXHP&Ex&dxHP_equip/RE-dxHP_eq-pkgSEER-18.7-SEER2-8.5-HSPF2/instance-out.sql,100708.71,157565.70
CZ09/MFm&0&rDXHP&Ex&dxHP_equip/RE-dxHP_eq-pkgSEER-19.6-SEER2-8.9-HSPF2/instance-out.sql,100395.67,157565.70
CZ10/MFm&0&rDXHP&Ex&dxHP_equip/RE-dxHP_eq-pkgSEER-12.5-SEER2-6.4-HSPF2/instance-out.sql,104819.57,157529.64
CZ10/MFm&0&rDXHP&Ex&dxHP_equip/RE-dxHP_eq-pkgSEER-14.3-SEER2-7.5-HSPF2/instance-out.sql,102961.28,157529.64
CZ10/MFm&0&rDXHP&Ex&dxHP_equip/RE-dxHP_eq-pkgSEER-16.0-SEER2-8.0-HSPF2/instance-out.sql,97486.74,157517.84
CZ10/MFm&0&rDXHP&Ex&dxHP_equip/RE-dxHP_eq-pkgSEER-17.8-SEER2-8.1-HSPF2/instance-out.sql,96735.03,157517.84
CZ10/MFm&0&rDXHP&Ex&dxHP_equip/RE-dxHP_eq-pkgSEER-18.7-SEER2-8.5-HSPF2/instance-out.sql,96417.49,157517.84
CZ10/MFm&0&rDXHP&Ex&dxHP_equip/RE-dxHP_eq-pkgSEER-19.6-SEER2-8.9-HSPF2/instance-out.sql,96151.10,157517.84
CZ11/MFm&0&rDXHP&Ex&dxHP_equip/RE-dxHP_eq-pkgSEER-12.5-SEER2-6.4-HSPF2/instance-out.sql,119244.46,159189.18
CZ11/MFm&0&rDXHP&Ex&dxHP_equip/RE-dxHP_eq-pkgSEER-14.3-SEER2-7.5-HSPF2/instance-out.sql,116560.17,159189.18
CZ11/MFm&0&rDXHP&Ex&dxHP_equip/RE-dxHP_eq-pkgSEER-16.0-SEER2-8.0-HSPF2/instance-out.sql,108596.53,159170.35
CZ11/MFm&0&rDXHP&Ex&dxHP_equip/RE-dxHP_eq-pkgSEER-17.8-SEER2-8.1-HSPF2/instance-out.sql,107557.79,159170.35
CZ11/MFm&0&rDXHP&Ex&dxHP_equip/RE-dxHP_eq-pkgSEER-18.7-SEER2-8.5-HSPF2/instance-out.sql,107101.29,159170.35
CZ11/MFm&0&rDXHP&Ex&dxHP_equip/RE-dxHP_eq-pkgSEER-19.6-SEER2-8.9-HSPF2/instance-out.sql,106719.73,159170.35
CZ12/MFm&0&rDXHP&Ex&dxHP_equip/RE-dxHP_eq-pkgSEER-12.5-SEER2-6.4-HSPF2/instance-out.sql,100561.83,159177.28
CZ12/MFm&0&rDXHP&Ex&dxHP_equip/RE-dxHP_eq-pkgSEER-14.3-SEER2-7.5-HSPF2/instance-out.sql,99088.64,159177.28
CZ12/MFm&0&rDXHP&Ex&dxHP_equip/RE-dxHP_eq-pkgSEER-16.0-SEER2-8.0-HSPF2/instance-out.sql,94994.16,159169.47
CZ12/MFm&0&rDXHP&Ex&dxHP_equip/RE-dxHP_eq-pkgSEER-17.8-SEER2-8.1-HSPF2/instance-out.sql,94511.82,159169.47
CZ12/MFm&0&rDXHP&Ex&dxHP_equip/RE-dxHP_eq-pkgSEER-18.7-SEER2-8.5-HSPF2/instance-out.sql,94257.23,159169.47
CZ12/MFm&0&rDXHP&Ex&dxHP_equip/RE-dxHP_eq-pkgSEER-19.6-SEER2-8.9-HSPF2/instance-out.sql,94045.01,159169.47
CZ13/MFm&0&rDXHP&Ex&dxHP_equip/RE-dxHP_eq-pkgSEER-12.5-SEER2-6.4-HSPF2/instance-out.sql,133875.82,158305.64
CZ13/MFm&0&rDXHP&Ex&dxHP_equip/RE-dxHP_eq-pkgSEER-14.3-SEER2-7.5-HSPF2/instance-out.sql,130243.24,158305.64
CZ13/MFm&0&rDXHP&Ex&dxHP_equip/RE-dxHP_eq-pkgSEER-16.0-SEER2-8.0-HSPF2/instance-out.sql,119630.78,158282.13
CZ13/MFm&0&rDXHP&Ex&dxHP_equip/RE-dxHP_eq-pkgSEER-17.8-SEER2-8.1-HSPF2/instance-out.sql,118277.41,158282.13
CZ13/MFm&0&rDXHP&Ex&dxHP_equip/RE-dxHP_eq-pkgSEER-18.7-SEER2-8.5-HSPF2/instance-out.sql,117658.23,158282.13
CZ13/MFm&0&rDXHP&Ex&dxHP_equip/RE-dxHP_eq-pkgSEER-19.6-SEER2-8.9-HSPF2/instance-out.sql,117141.36,158282.13
CZ14/MFm&0&rDXHP&Ex&dxHP_equip/RE-dxHP_eq-pkgSEER-12.5-SEER2-6.4-HSPF2/instance-out.sql,117136.66,157999.42
CZ14/MFm&0&rDXHP&Ex&dxHP_equip/RE-dxHP_eq-pkgSEER-14.3-SEER2-7.5-HSPF2/instance-out.sql,114673.53,157999.42
CZ14/MFm&0&rDXHP&Ex&dxHP_equip/RE-dxHP_eq-pkgSEER-16.0-SEER2-8.0-HSPF2/instance-out.sql,107704.54,157990.21
CZ14/MFm&0&rDXHP&Ex&dxHP_equip/RE-dxHP_eq-pkgSEER-17.8-SEER2-8.1-HSPF2/instance-out.sql,106876.45,157990.21
CZ14/MFm&0&rDXHP&Ex&dxHP_equip/RE-dxHP_eq-pkgSEER-18.7-SEER2-8.5-HSPF2/instance-out.sql,106451.03,157990.21
CZ14/MFm&0&rDXHP&Ex&dxHP_equip/RE-dxHP_eq-pkgSEER-19.6-SEER2-8.9-HSPF2/instance-out.sql,106096.11,157990.21
CZ15/MFm&0&rDXHP&Ex&dxHP_equip/RE-dxHP_eq-pkgSEER-12.5-SEER2-6.4-HSPF2/instance-out.sql,153687.92,155420.11
CZ15/MFm&0&rDXHP&Ex&dxHP_equip/RE-dxHP_eq-pkgSEER-14.3-SEER2-7.5-HSPF2/instance-out.sql,148550.66,155420.11
CZ15/MFm&0&rDXHP&Ex&dxHP_equip/RE-dxHP_eq-pkgSEER-16.0-SEER2-8.0-HSPF2/instance-out.sql,132956.67,155385.66
CZ15/MFm&0&rDXHP&Ex&dxHP_equip/RE-dxHP_eq-pkgSEER-17.8-SEER2-8.1-HSPF2/instance-out.sql,130645.80,155385.66
CZ15/MFm&0&rDXHP&Ex&dxHP_equip/RE-dxHP_eq-pkgSEER-18.7-SEER2-8.5-HSPF2/instance-out.sql,129780.69,155385.66
CZ15/MFm&0&rDXHP&Ex&dxHP_equip/RE-dxHP_eq-pkgSEER-19.6-SEER2-8.9-HSPF2/instance-out.sql,129052.83,155385.66
CZ16/MFm&0&rDXHP&Ex&dxHP_equip/RE-dxHP_eq-pkgSEER-12.5-SEER2-6.4-HSPF2/instance-out.sql,107330.76,161831.58
CZ16/MFm&0&rDXHP&Ex&dxHP_equip/RE-dxHP_eq-pkgSEER-14.3-SEER2-7.5-HSPF2/instance-out.sql,105824.98,161831.58
CZ16/MFm&0&rDXHP&Ex&dxHP_equip/RE-dxHP_eq-pkgSEER-16.0-SEER2-8.0-HSPF2/instance-out.sql,101082.36,161831.01
CZ16/MFm&0&rDXHP&Ex&dxHP_equip/RE-dxHP_eq-pkgSEER-17.8-SEER2-8.1-HSPF2/instance-out.sql,100738.06,161831.01
CZ16/MFm&0&rDXHP&Ex&dxHP_equip/RE-dxHP_eq-pkgSEER-18.7-SEER2-8.5-HSPF2/instance-out.sql,100472.30,161831.01
CZ16/MFm&0&rDXHP&Ex&dxHP_equip/RE-dxHP_eq-pkgSEER-19.6-SEER2-8.9-HSPF2/instance-out.sql,100253.13,161831.01

File Name,Unmet Heating (Hours),Unmet Cooling (Hours)
CZ01/MFm&0&rDXHP&Ex&dxHP_equip/RE-dxHP_eq-pkgSEER-12.5-SEER2-6.4-HSPF2/instance-out.sql,0.00,0.00
CZ01/MFm&0&rDXHP&Ex&dxHP_equip/RE-dxHP_eq-pkgSEER-14.3-SEER2-7.5-HSPF2/instance-out.sql,0.00,0.00
CZ01/MFm&0&rDXHP&Ex&dxHP_equip/RE-dxHP_eq-pkgSEER-16.0-SEER2-8.0-HSPF2/instance-out.sql,0.00,0.00
CZ01/MFm&0&rDXHP&Ex&dxHP_equip/RE-dxHP_eq-pkgSEER-17.8-SEER2-8.1-HSPF2/instance-out.sql,0.00,0.00
CZ01/MFm&0&rDXHP&Ex&dxHP_equip/RE-dxHP_eq-pkgSEER-18.7-SEER2-8.5-HSPF2/instance-out.sql,0.00,0.00
CZ01/MFm&0&rDXHP&Ex&dxHP_equip/RE-dxHP_eq-pkgSEER-19.6-SEER2-8.9-HSPF2/instance-out.sql,0.00,0.00
CZ02/MFm&0&rDXHP&Ex&dxHP_equip/RE-dxHP_eq-pkgSEER-12.5-SEER2-6.4-HSPF2/instance-out.sql,0.00,0.00
CZ02/MFm&0&rDXHP&Ex&dxHP_equip/RE-dxHP_eq-pkgSEER-14.3-SEER2-7.5-HSPF2/instance-out.sql,0.00,0.00
CZ02/MFm&0&rDXHP&Ex&dxHP_equip/RE-dxHP_eq-pkgSEER-16.0-SEER2-8.0-HSPF2/instance-out.sql,0.00,0.00
CZ02/MFm&0&rDXHP&Ex&dxHP_equip/RE-dxHP_eq-pkgSEER-17.8-SEER2-8.1-HSPF2/instance-out.sql,0.00,0.00
CZ02/MFm&0&rDXHP&Ex&dxHP_equip/RE-dxHP_eq-pkgSEER-18.7-SEER2-8.5-HSPF2/instance-out.sql,0.00,0.00
CZ02/MFm&0&rDXHP&Ex&dxHP_equip/RE-dxHP_eq-pkgSEER-19.6-SEER2-8.9-HSPF2/instance-out.sql,0.00,0.00
CZ03/MFm&0&rDXHP&Ex&dxHP_equip/RE-dxHP_eq-pkgSEER-12.5-SEER2-6.4-HSPF2/instance-out.sql,0.00,0.00
CZ03/MFm&0&rDXHP&Ex&dxHP_equip/RE-dxHP_eq-pkgSEER-14.3-SEER2-7.5-HSPF2/instance-out.sql,0.00,0.00
CZ03/MFm&0&rDXHP&Ex&dxHP_equip/RE-dxHP_eq-pkgSEER-16.0-SEER2-8.0-HSPF2/instance-out.sql,0.00,0.00
CZ03/MFm&0&rDXHP&Ex&dxHP_equip/RE-dxHP_eq-pkgSEER-17.8-SEER2-8.1-HSPF2/instance-out.sql,0.00,0.00
CZ03/MFm&0&rDXHP&Ex&dxHP_equip/RE-dxHP_eq-pkgSEER-18.7-SEER2-8.5-HSPF2/instance-out.sql,0.00,0.00
CZ03/MFm&0&rDXHP&Ex&dxHP_equip/RE-dxHP_eq-pkgSEER-19.6-SEER2-8.9-HSPF2/instance-out.sql,0.00,0.00
CZ04/MFm&0&rDXHP&Ex&dxHP_equip/RE-dxHP_eq-pkgSEER-12.5-SEER2-6.4-HSPF2/instance-out.sql,0.00,0.00
CZ04/MFm&0&rDXHP&Ex&dxHP_equip/RE-dxHP_eq-pkgSEER-14.3-SEER2-7.5-HSPF2/instance-out.sql,0.00,0.00
CZ04/MFm&0&rDXHP&Ex&dxHP_equip/RE-dxHP_eq-pkgSEER-16.0-SEER2-8.0-HSPF2/instance-out.sql,0.00,0.00
CZ04/MFm&0&rDXHP&Ex&dxHP_equip/RE-dxHP_eq-pkgSEER-17.8-SEER2-8.1-HSPF2/instance-out.sql,0.00,0.00
CZ04/MFm&0&rDXHP&Ex&dxHP_equip/RE-dxHP_eq-pkgSEER-18.7-SEER2-8.5-HSPF2/instance-out.sql,0.00,0.00
CZ04/MFm&0&rDXHP&Ex&dxHP_equip/RE-dxHP_eq-pkgSEER-19.6-SEER2-8.9-HSPF2/instance-out.sql,0.00,0.00
CZ05/MFm&0&rDXHP&Ex&dxHP_equip/RE-dxHP_eq-pkgSEER-12.5-SEER2-6.4-HSPF2/instance-out.sql,0.00,0.00
CZ05/MFm&0&rDXHP&Ex&dxHP_equip/RE-dxHP_eq-pkgSEER-14.3-SEER2-7.5-HSPF2/instance-out.sql,0.00,0.00
CZ05/MFm&0&rDXHP&Ex&dxHP_equip/RE-dxHP_eq-pkgSEER-16.0-SEER2-8.0-HSPF2/instance-out.sql,0.00,0.00
CZ05/MFm&0&rDXHP&Ex&dxHP_equip/RE-dxHP_eq-pkgSEER-17.8-SEER2-8.1-HSPF2/instance-out.sql,0.00,0.00
CZ05/MFm&0&rDXHP&Ex&dxHP_equip/RE-dxHP_eq-pkgSEER-18.7-SEER2-8.5-HSPF2/instance-out.sql,0.00,0.00
CZ05/MFm&0&rDXHP&Ex&dxHP_equip/RE-dxHP_eq-pkgSEER-19.6-SEER2-8.9-HSPF2/instance-out.sql,0.00,0.00
CZ06/MFm&0&rDXHP&Ex&dxHP_equip/RE-dxHP_eq-pkgSEER-12.5-SEER2-6.4-HSPF2/instance-out.sql,0.00,0.00
CZ06/MFm&0&rDXHP&Ex&dxHP_equip/RE-dxHP_eq-pkgSEER-14.3-SEER2-7.5-HSPF2/instance-out.sql,0.00,0.00
CZ06/MFm&0&rDXHP&Ex&dxHP_equip/RE-dxHP_eq-pkgSEER-16.0-SEER2-8.0-HSPF2/instance-out.sql,0.00,0.00
CZ06/MFm&0&rDXHP&Ex&dxHP_equip/RE-dxHP_eq-pkgSEER-17.8-SEER2-8.1-HSPF2/instance-out.sql,0.00,0.00
CZ06/MFm&0&rDXHP&Ex&dxHP_equip/RE-dxHP_eq-pkgSEER-18.7-SEER2-8.5-HSPF2/instance-out.sql,0.00,0.00
CZ06/MFm&0&rDXHP&Ex&dxHP_equip/RE-dxHP_eq-pkgSEER-19.6-SEER2-8.9-HSPF2/instance-out.sql,0.00,0.00
CZ07/MFm&0&rDXHP&Ex&dxHP_equip/RE-dxHP_eq-pkgSEER-12.5-SEER2-6.4-HSPF2/instance-out.sql,0.00,0.00
CZ07/MFm&0&rDXHP&Ex&dxHP_equip/RE-dxHP_eq-pkgSEER-14.3-SEER2-7.5-HSPF2/instance-out.sql,0.00,0.00
CZ07/MFm&0&rDXHP&Ex&dxHP_equip/RE-dxHP_eq-pkgSEER-16.0-SEER2-8.0-HSPF2/instance-out.sql,0.00,0.00
CZ07/MFm&0&rDXHP&Ex&dxHP_equip/RE-dxHP_eq-pkgSEER-17.8-SEER2-8.1-HSPF2/instance-out.sql,0.00,0.00
CZ07/MFm&0&rDXHP&Ex&dxHP_equip/RE-dxHP_eq-pkgSEER-18.7-SEER2-8.5-HSPF2/instance-out.sql,0.00,0.00
CZ07/MFm&0&rDXHP&Ex&dxHP_equip/RE-dxHP_eq-pkgSEER-19.6-SEER2-8.9-HSPF2/instance-out.sql,0.00,0.00
CZ08/MFm&0&rDXHP&Ex&dxHP_equip/RE-dxHP_eq-pkgSEER-12.5-SEER2-6.4-HSPF2/instance-out.sql,0.00,0.00
CZ08/MFm&0&rDXHP&Ex&dxHP_equip/RE-dxHP_eq-pkgSEER-14.3-SEER2-7.5-HSPF2/instance-out.sql,0.00,0.00
CZ08/MFm&0&rDXHP&Ex&dxHP_equip/RE-dxHP_eq-pkgSEER-16.0-SEER2-8.0-HSPF2/instance-out.sql,0.00,0.00
CZ08/MFm&0&rDXHP&Ex&dxHP_equip/RE-dxHP_eq-pkgSEER-17.8-SEER2-8.1-HSPF2/instance-out.sql,0.00,0.00
CZ08/MFm&0&rDXHP&Ex&dxHP_equip/RE-dxHP_eq-pkgSEER-18.7-SEER2-8.5-HSPF2/instance-out.sql,0.00,0.00
CZ08/MFm&0&rDXHP&Ex&dxHP_equip/RE-dxHP_eq-pkgSEER-19.6-SEER2-8.9-HSPF2/instance-out.sql,0.00,0.00
CZ09/MFm&0&rDXHP&Ex&dxHP_equip/RE-dxHP_eq-pkgSEER-12.5-SEER2-6.4-HSPF2/instance-out.sql,0.00,0.00
CZ09/MFm&0&rDXHP&Ex&dxHP_equip/RE-dxHP_eq-pkgSEER-14.3-SEER2-7.5-HSPF2/instance-out.sql,0.00,0.00
CZ09/MFm&0&rDXHP&Ex&dxHP_equip/RE-dxHP_eq-pkgSEER-16.0-SEER2-8.0-HSPF2/instance-out.sql,0.00,0.00
CZ09/MFm&0&rDXHP&Ex&dxHP_equip/RE-dxHP_eq-pkgSEER-17.8-SEER2-8.1-HSPF2/instance-out.sql,0.00,0.00
CZ09/MFm&0&rDXHP&Ex&dxHP_equip/RE-dxHP_eq-pkgSEER-18.7-SEER2-8.5-HSPF2/instance-out.sql,0.00,0.00
CZ09/MFm&0&rDXHP&Ex&dxHP_equip/RE-dxHP_eq-pkgSEER-19.6-SEER2-8.9-HSPF2/instance-out.sql,0.00,0.00
CZ10/MFm&0&rDXHP&Ex&dxHP_equip/RE-dxHP_eq-pkgSEER-12.5-SEER2-6.4-HSPF2/instance-out.sql,0.00,0.00
CZ10/MFm&0&rDXHP&Ex&dxHP_equip/RE-dxHP_eq-pkgSEER-14.3-SEER2-7.5-HSPF2/instance-out.sql,0.00,0.00
CZ10/MFm&0&rDXHP&Ex&dxHP_equip/RE-dxHP_eq-pkgSEER-16.0-SEER2-8.0-HSPF2/instance-out.sql,0.00,0.00
CZ10/MFm&0&rDXHP&Ex&dxHP_equip/RE-dxHP_eq-pkgSEER-17.8-SEER2-8.1-HSPF2/instance-out.sql,0.00,0.00
CZ10/MFm&0&rDXHP&Ex&dxHP_equip/RE-dxHP_eq-pkgSEER-18.7-SEER2-8.5-HSPF2/instance-out.sql,0.00,0.00
CZ10/MFm&0&rDXHP&Ex&dxHP_equip/RE-dxHP_eq-pkgSEER-19.6-SEER2-8.9-HSPF2/instance-out.sql,0.00,0.00
CZ11/MFm&0&rDXHP&Ex&dxHP_equip/RE-dxHP_eq-pkgSEER-12.5-SEER2-6.4-HSPF2/instance-out.sql,0.00,0.00
CZ11/MFm&0&rDXHP&Ex&dxHP_equip/RE-dxHP_eq-pkgSEER-14.3-SEER2-7.5-HSPF2/instance-out.sql,0.00,0.00
CZ11/MFm&0&rDXHP&Ex&dxHP_equip/RE-dxHP_eq-pkgSEER-16.0-SEER2-8.0-HSPF2/instance-out.sql,0.00,0.00
CZ11/MFm&0&rDXHP&Ex&dxHP_equip/RE-dxHP_eq-pkgSEER-17.8-SEER2-8.1-HSPF2/instance-out.sql,0.00,0.00
CZ11/MFm&0&rDXHP&Ex&dxHP_equip/RE-dxHP_eq-pkgSEER-18.7-SEER2-8.5-HSPF2/instance-out.sql,0.00,0.00
CZ11/MFm&0&rDXHP&Ex&dxHP_equip/RE-dxHP_eq-pkgSEER-19.6-SEER2-8.9-HSPF2/instance-out.sql,0.00,0.00
CZ12/MFm&0&rDXHP&Ex&dxHP_equip/RE-dxHP_eq-pkgSEER-12.5-SEER2-6.4-HSPF2/instance-out.sql,0.00,0.00
CZ12/MFm&0&rDXHP&Ex&dxHP_equip/RE-dxHP_eq-pkgSEER-14.3-SEER2-7.5-HSPF2/instance-out.sql,0.00,0.00
CZ12/MFm&0&rDXHP&Ex&dxHP_equip/RE-dxHP_eq-pkgSEER-16.0-SEER2-8.0-HSPF2/instance-out.sql,0.00,0.00
CZ12/MFm&0&rDXHP&Ex&dxHP_equip/RE-dxHP_eq-pkgSEER-17.8-SEER2-8.1-HSPF2/instance-out.sql,0.00,0.00
CZ12/MFm&0&rDXHP&Ex&dxHP_equip/RE-dxHP_eq-pkgSEER-18.7-SEER2-8.5-HSPF2/instance-out.sql,0.00,0.00
CZ12/MFm&0&rDXHP&Ex&dxHP_equip/RE-dxHP_eq-pkgSEER-19.6-SEER2-8.9-HSPF2/instance-out.sql,0.00,0.00
CZ13/MFm&0&rDXHP&Ex&dxHP_equip/RE-dxHP_eq-pkgSEER-12.5-SEER2-6.4-HSPF2/instance-out.sql,0.00,0.00
CZ13/MFm&0&rDXHP&Ex&dxHP_equip/RE-dxHP_eq-pkgSEER-14.3-SEER2-7.5-HSPF2/instance-out.sql,0.00,0.00
CZ13/MFm&0&rDXHP&Ex&dxHP_equip/RE-dxHP_eq-pkgSEER-16.0-SEER2-8.0-HSPF2/instance-out.sql,0.00,0.00
CZ13/MFm&0&rDXHP&Ex&dxHP_equip/RE-dxHP_eq-pkgSEER-17.8-SEER2-8.1-HSPF2/instance-out.sql,0.00,0.00
CZ13/MFm&0&rDXHP&Ex&dxHP_equip/RE-dxHP_eq-pkgSEER-18.7-SEER2-8.5-HSPF2/instance-out.sql,0.00,0.00
CZ13/MFm&0&rDXHP&Ex&dxHP_equip/RE-dxHP_eq-pkgSEER-19.6-SEER2-8.9-HSPF2/instance-out.sql,0.00,0.00
CZ14/MFm&0&rDXHP&Ex&dxHP_equip/RE-dxHP_eq-pkgSEER-12.5-SEER2-6.4-HSPF2/instance-out.sql,0.00,0.00
CZ14/MFm&0&rDXHP&Ex&dxHP_equip/RE-dxHP_eq-pkgSEER-14.3-SEER2-7.5-HSPF2/instance-out.sql,0.00,0.00
CZ14/MFm&0&rDXHP&Ex&dxHP_equip/RE-dxHP_eq-pkgSEER-16.0-SEER2-8.0-HSPF2/instance-out.sql,0.00,0.00
CZ14/MFm&0&rDXHP&Ex&dxHP_equip/RE-dxHP_eq-pkgSEER-17.8-SEER2-8.1-HSPF2/instance-out.sql,0.00,0.00
CZ14/MFm&0&rDXHP&Ex&dxHP_equip/RE-dxHP_eq-pkgSEER-18.7-SEER2-8.5-HSPF2/instance-out.sql,0.00,0.00
CZ14/MFm&0&rDXHP&Ex&dxHP_equip/RE-dxHP_eq-pkgSEER-19.6-SEER2-8.9-HSPF2/instance-out.sql,0.00,0.00
CZ15/MFm&0&rDXHP&Ex&dxHP_equip/RE-dxHP_eq-pkgSEER-12.5-SEER2-6.4-HSPF2/instance-out.sql,0.00,0.00
CZ15/MFm&0&rDXHP&Ex&dxHP_equip/RE-dxHP_eq-pkgSEER-14.3-SEER2-7.5-HSPF2/instance-out.sql,0.00,0.00
CZ15/MFm&0&rDXHP&Ex&dxHP_equip/RE-dxHP_eq-pkgSEER-16.0-SEER2-8.0-HSPF2/instance-out.sql,0.00,0.00
CZ15/MFm&0&rDXHP&Ex&dxHP_equip/RE-dxHP_eq-pkgSEER-17.8-SEER2-8.1-HSPF2/instance-out.sql,0.00,0.00
CZ15/MFm&0&rDXHP&Ex&dxHP_equip/RE-dxHP_eq-pkgSEER-18.7-SEER2-8.5-HSPF2/instance-out.sql,0.00,0.00
CZ15/MFm&0&rDXHP&Ex&dxHP_equip/RE-dxHP_eq-pkgSEER-19.6-SEER2-8.9-HSPF2/instance-out.sql,0.00,0.00
CZ16/MFm&0&rDXHP&Ex&dxHP_equip/RE-dxHP_eq-pkgSEER-12.5-SEER2-6.4-HSPF2/instance-out.sql,0.00,0.00
CZ16/MFm&0&rDXHP&Ex&dxHP_equip/RE-dxHP_eq-pkgSEER-14.3-SEER2-7.5-HSPF2/instance-out.sql,0.00,0.00
CZ16/MFm&0&rDXHP&Ex&dxHP_equip/RE-dxHP_eq-pkgSEER-16.0-SEER2-8.0-HSPF2/instance-out.sql,0.00,0.00
CZ16/MFm&0&rDXHP&Ex&dxHP_equip/RE-dxHP_eq-pkgSEER-17.8-SEER2-8.1-HSPF2/instance-out.sql,0.00,0.00
CZ16/MFm&0&rDXHP&Ex&dxHP_equip/RE-dxHP_eq-pkgSEER-18.7-SEER2-8.5-HSPF2/instance-out.sql,0.00,0.00
CZ16/MFm&0&rDXHP&Ex&dxHP_equip/RE-dxHP_eq-pkgSEER-19.6-SEER2-8.9-HSPF2/instance-out.sql,0.00,0.00

